pH,MateriaOrganica,Fosforo,Potassio,Nitrogenio,CTC,Argila,Zona
5.71,1.77,3.46,42.03,1503.24,7.22,20.78,Zona C
4.65,1.24,10.07,60.53,1343.8,6.46,13.52,Zona C
6.53,4.28,25.81,133.18,3096.77,12.65,40.56,Zona A
6.98,5.15,40.99,172.52,2787.12,14.36,33.01,Zona A
6.89,4.41,38.21,191.55,2825.68,14.4,30.47,Zona A
5.58,2.39,10.7,102.05,2429.81,10.69,36.23,Zona B
5.14,2.05,8.49,62.5,902.98,7.67,26.13,Zona C
6.11,3.25,15.98,84.84,1652.6,7.59,25.03,Zona B
5.42,1.58,4.67,50.54,849.75,4.29,26.88,Zona C
6.83,4.62,27.67,192.87,3289.53,14.12,46.62,Zona A
5.96,2.87,14.91,76.05,1206.88,10.26,23.83,Zona B
5.26,1.63,4.41,60.27,1029.54,6.79,20.26,Zona C
6.01,3.2,15.64,96.84,2299.86,8.29,34.17,Zona B
4.99,2.21,6.23,71.77,785.23,4.56,15.31,Zona C
6.71,4.21,27.72,179.86,3634.43,13.07,30.38,Zona A
5.16,1.98,4.12,60.63,1546.81,6.84,18.41,Zona C
4.83,1.69,3.57,70.7,1088.74,6.23,19.34,Zona C
6.33,3.48,15.96,100.83,1867.5,7.71,27.94,Zona B
6.82,2.88,24.5,157.35,3121.54,14.72,37.41,Zona A
6.48,4.11,30.37,154.91,2809.79,9.62,33.74,Zona A
4.58,2.04,6.2,45.83,985.44,4.21,20.23,Zona C
5.17,1.06,5.54,67.76,1242.62,4.96,19.66,Zona C
5.16,1.86,7.51,66.13,865.11,6.58,15.66,Zona C
4.59,2.26,7.69,56.28,681.1,7.38,19.02,Zona C
5.01,1.89,4.72,69.91,1037.53,6.11,19.04,Zona C
6.52,3.33,33.16,148.37,3189.4,11.4,41.13,Zona A
4.73,1.59,3.79,48.74,943.56,4.93,22.66,Zona C
5.43,2.34,5.81,55.31,1203.09,4.9,21.1,Zona C
4.88,1.75,8.64,41.17,1394.25,7.63,13.04,Zona C
5.58,2.11,9.44,71.47,1126.62,7.29,18.75,Zona C
4.36,1.37,6.59,66.68,998.98,4.11,19.7,Zona C
5.91,3.37,14.27,91.35,2230.84,10.56,30.41,Zona B
5.54,1.78,3.49,45.55,1149.42,4.14,19.49,Zona C
4.96,1.68,5.54,43.66,1173.92,5.31,18.13,Zona C
7.29,4.38,20.87,172.83,3038.75,16.52,31.7,Zona A
6.43,4.07,29.02,154.8,2902.86,12.71,48.78,Zona A
6.89,3.78,22.96,165.98,3180.44,12.88,40.51,Zona A
6.92,5.14,26.67,187.52,3705.96,15.84,40.67,Zona A
4.96,1.41,1.05,73.65,1014.2,7.83,16.81,Zona C
6.63,4.34,18.66,119.62,3477.1,15.64,42.65,Zona A
5.13,2.12,5.71,66.37,1478.57,7.1,23.87,Zona C
6.58,3.86,32.41,162.45,2477.04,12.29,39.76,Zona A
5.09,1.98,3.57,53.45,1447.86,7.23,15.71,Zona C
5.75,2.5,13.7,96.58,1801.65,11.09,26.94,Zona B
5.22,2.18,4.26,62.09,1073.16,7.76,26.39,Zona C
6.59,5.05,24.54,185.01,3745.37,15.19,34.44,Zona A
6.48,3.97,27.05,118.44,3890.18,12.45,49.72,Zona A
6.54,3.66,30.85,182.38,3599.44,12.01,38.0,Zona A
5.72,3.52,10.84,74.84,2202.77,8.05,31.06,Zona B
6.56,1.72,17.23,60.5,2163.78,8.9,26.97,Zona B
6.04,2.73,20.9,92.15,1377.21,9.22,27.96,Zona B
5.47,2.95,11.61,85.37,1930.83,8.47,26.11,Zona B
3.97,0.87,4.42,79.4,1099.59,3.96,18.29,Zona C
4.81,1.16,10.94,53.83,910.05,5.94,9.58,Zona C
5.16,2.29,13.68,78.1,1977.75,9.51,25.6,Zona B
5.87,2.63,15.01,100.28,1825.48,10.32,24.25,Zona B
6.07,3.84,36.28,190.67,3269.84,16.76,45.18,Zona A
6.6,4.33,24.69,180.01,3193.77,15.73,36.04,Zona A
6.8,4.36,21.61,106.2,3577.52,13.87,37.68,Zona A
6.55,2.74,16.58,84.67,1687.19,9.78,25.16,Zona B
5.76,2.77,16.09,108.63,2729.65,10.63,28.91,Zona B
5.99,3.17,9.72,94.51,1634.06,9.07,25.49,Zona B
6.41,5.1,19.49,178.13,3025.79,12.78,47.18,Zona A
6.9,3.6,34.96,172.9,3139.57,14.17,38.11,Zona A
6.07,1.93,6.34,122.21,2504.68,10.82,19.83,Zona B
6.34,3.79,29.11,177.71,3849.63,12.62,34.79,Zona A
6.53,4.09,27.85,147.92,3055.7,12.79,30.91,Zona A
6.05,1.07,8.88,54.76,784.28,4.83,21.69,Zona C
5.11,1.82,5.0,56.73,852.23,4.61,21.53,Zona C
6.53,3.47,22.06,130.52,2204.66,13.6,33.32,Zona A
6.98,4.33,28.17,166.68,3473.03,12.85,41.19,Zona A
6.42,2.68,16.12,103.02,2214.32,6.97,27.16,Zona B
6.0,2.06,13.54,73.07,2104.11,9.76,31.45,Zona B
6.41,3.2,15.08,193.51,3840.07,13.33,36.27,Zona A
5.69,3.05,19.63,120.88,2340.8,8.4,24.93,Zona B
4.93,1.24,5.69,45.06,1251.69,5.22,23.26,Zona C
5.96,3.3,16.81,84.35,1693.46,10.09,24.27,Zona B
5.51,1.87,15.99,96.65,2263.7,12.74,25.16,Zona B
6.61,5.0,20.65,167.14,3534.21,11.9,49.38,Zona A
6.17,1.91,18.39,87.65,1661.65,8.06,23.09,Zona B
5.66,1.49,5.18,75.2,1092.66,6.98,11.09,Zona C
6.51,3.66,21.86,132.01,2978.76,10.96,38.21,Zona A
6.36,3.1,25.73,157.39,3247.65,13.75,38.07,Zona A
5.5,2.31,5.8,112.53,2178.54,8.48,25.59,Zona B
5.85,3.36,10.5,96.03,2061.65,8.21,19.59,Zona B
7.01,3.96,21.28,152.97,2937.76,12.27,39.93,Zona A
5.61,2.41,17.75,109.03,1963.74,9.35,27.29,Zona B
5.79,2.35,15.79,96.8,1386.67,8.17,16.84,Zona B
5.62,2.92,11.86,85.28,1931.48,8.42,17.29,Zona B
6.28,2.98,12.21,117.35,2235.34,7.78,27.11,Zona B
5.06,1.5,4.3,50.85,1355.49,7.52,19.8,Zona C
6.4,3.75,23.38,172.53,2601.36,10.93,33.6,Zona A
6.42,4.05,30.36,159.07,2683.04,12.57,38.81,Zona A
5.06,1.86,7.56,48.28,703.2,4.66,23.79,Zona C
4.97,1.56,8.91,74.77,875.85,4.82,17.89,Zona C
6.94,4.66,25.38,170.18,3511.81,13.36,46.32,Zona A
6.31,3.86,40.34,96.74,3457.43,12.79,39.52,Zona A
6.18,5.01,21.14,143.3,3081.7,15.54,35.85,Zona A
5.11,1.68,5.72,69.58,1185.56,6.32,16.95,Zona C
6.95,5.03,25.81,157.79,3162.45,13.91,49.84,Zona A
5.07,2.0,20.54,113.41,1800.8,12.75,24.22,Zona B
5.84,3.08,13.85,109.08,1850.99,6.54,29.3,Zona B
4.96,2.44,2.17,46.65,719.21,5.92,14.79,Zona C
4.99,1.97,2.35,56.81,1443.9,7.38,21.4,Zona C
6.54,4.58,35.25,137.95,3074.11,10.76,37.71,Zona A
6.16,2.72,26.96,144.94,2829.91,17.37,42.29,Zona A
6.89,3.95,25.78,153.22,3287.12,14.66,35.63,Zona A
5.08,1.76,8.19,43.21,1074.5,6.34,18.32,Zona C
6.17,4.54,40.85,136.01,2611.03,12.44,44.92,Zona A
5.6,3.3,11.57,107.77,2444.87,8.74,20.26,Zona B
6.31,4.46,25.76,125.51,3973.72,15.29,22.38,Zona A
5.27,2.09,6.16,70.6,738.62,5.79,19.73,Zona C
5.83,2.03,12.86,99.76,2128.36,9.75,22.39,Zona B
6.66,3.61,19.78,151.27,3555.78,16.03,25.85,Zona A
6.78,5.16,37.8,206.83,3210.11,13.74,37.16,Zona A
6.81,4.43,21.38,152.85,3172.01,13.39,46.31,Zona A
5.74,2.88,16.51,96.51,1562.56,10.44,26.99,Zona B
6.53,2.61,31.57,181.02,3094.69,13.99,37.42,Zona A
6.69,4.28,30.19,239.83,2969.05,14.2,39.51,Zona A
5.12,1.86,7.1,51.6,1067.22,3.53,22.08,Zona C
6.12,3.01,13.12,102.41,1721.01,8.66,19.99,Zona B
4.46,1.48,8.24,84.55,1275.46,5.07,15.56,Zona C
4.47,1.57,7.53,46.58,1317.2,6.06,15.18,Zona C
6.38,4.37,33.57,146.43,3322.17,16.33,37.12,Zona A
6.99,5.2,36.25,195.31,3222.9,12.61,25.24,Zona A
5.35,1.7,4.55,37.43,1066.85,4.51,14.58,Zona C
4.76,1.52,11.48,56.69,1201.77,4.85,18.3,Zona C
5.57,3.18,16.69,104.9,1656.54,8.76,28.49,Zona B
5.2,2.33,7.53,62.46,1363.14,7.87,25.06,Zona C
6.39,4.32,26.75,173.03,3417.01,12.05,38.94,Zona A
4.87,1.94,9.35,70.62,823.32,6.23,21.06,Zona C
6.63,3.31,37.0,141.64,3137.25,13.51,39.4,Zona A
5.35,1.43,9.19,43.53,1061.14,8.22,23.79,Zona C
5.01,2.18,9.17,79.21,1152.34,7.72,14.97,Zona C
6.42,2.45,12.8,96.05,1813.42,6.74,20.4,Zona B
6.43,4.65,29.19,156.96,3112.78,13.59,44.23,Zona A
7.06,3.6,37.25,168.79,2634.57,11.29,41.07,Zona A
6.69,3.83,20.98,143.84,3676.97,12.01,34.88,Zona A
6.04,2.2,10.61,128.79,1590.4,8.46,28.99,Zona B
6.31,4.57,35.28,141.44,2710.74,12.12,32.5,Zona A
5.11,1.46,4.97,62.42,647.93,5.64,17.94,Zona C
6.17,3.86,31.65,202.38,2980.75,11.66,32.76,Zona A
5.55,1.5,4.51,75.94,973.08,6.72,15.19,Zona C
6.66,4.79,24.68,133.3,2770.73,13.62,30.47,Zona A
5.38,2.69,18.77,141.84,1746.61,8.5,27.52,Zona B
5.18,1.76,6.61,61.02,1369.53,6.46,16.73,Zona C
6.25,1.61,13.24,66.76,2598.86,4.93,29.6,Zona B
4.48,1.75,4.74,54.58,1368.35,7.59,17.78,Zona C
6.35,5.58,27.58,154.38,3406.0,12.91,28.71,Zona A
5.48,3.38,7.24,118.48,2160.06,10.38,27.29,Zona B
4.68,0.56,4.59,40.76,1001.24,6.67,17.56,Zona C
4.8,2.1,4.0,67.66,1029.31,6.01,19.22,Zona C
5.74,2.96,20.11,127.28,2341.5,9.06,21.67,Zona B
4.99,2.11,7.51,55.64,1458.41,5.42,15.72,Zona C
5.82,2.41,8.45,81.42,2391.52,10.61,25.3,Zona B
5.29,1.94,5.92,67.71,1105.78,5.37,21.03,Zona C
4.93,2.0,4.64,73.45,825.33,6.22,26.08,Zona C
6.85,3.73,26.32,151.94,4140.29,9.47,33.49,Zona A
6.7,3.87,19.13,167.22,2400.69,15.12,40.75,Zona A
6.51,5.06,27.77,148.57,3268.56,12.44,39.35,Zona A
7.07,4.56,28.34,140.31,3448.16,12.68,43.04,Zona A
6.46,4.3,33.7,164.0,2231.0,13.39,32.21,Zona A
5.21,2.11,3.15,56.11,990.87,4.57,19.98,Zona C
5.3,1.25,8.91,62.57,1001.66,6.44,18.69,Zona C
6.47,3.65,10.62,194.37,2794.08,14.12,43.13,Zona A
6.65,3.45,21.68,200.62,3487.28,9.03,41.43,Zona A
5.38,1.93,4.19,54.66,1167.21,5.08,15.9,Zona C
5.47,1.09,4.94,66.32,1082.27,6.67,16.32,Zona C
5.66,2.51,11.38,64.59,2478.83,7.19,27.98,Zona B
6.35,5.72,32.07,184.12,2766.31,8.97,50.99,Zona A
6.24,4.51,24.1,136.82,3927.75,8.45,36.96,Zona A
4.61,1.8,6.42,64.14,975.03,5.61,16.67,Zona C
6.37,2.37,10.16,92.37,2246.1,7.33,33.14,Zona B
6.33,2.92,10.03,94.05,1991.08,8.17,32.96,Zona B
6.63,4.23,27.62,161.7,3521.92,12.2,38.44,Zona A
6.86,4.81,37.77,202.77,3508.84,14.54,43.63,Zona A
5.47,2.3,3.78,59.86,1103.57,5.46,17.88,Zona C
5.97,2.38,19.88,96.39,1647.58,6.41,30.58,Zona B
6.12,3.62,38.36,144.33,4096.63,14.32,35.83,Zona A
4.03,1.48,8.0,35.83,1334.34,4.43,13.9,Zona C
6.74,3.26,28.85,127.0,2711.38,12.49,46.13,Zona A
6.67,3.64,13.98,101.52,2575.24,10.83,25.65,Zona B
6.92,3.35,31.26,187.74,2618.03,14.84,45.67,Zona A
6.6,4.16,30.4,168.08,3414.36,14.0,40.72,Zona A
4.47,1.79,4.77,63.21,825.45,7.33,27.24,Zona C
5.94,2.99,10.78,103.39,1705.36,9.91,16.47,Zona B
5.77,3.34,26.45,88.27,1573.91,10.77,24.36,Zona B
6.42,3.88,25.07,200.39,2769.28,9.18,45.14,Zona A
5.51,2.29,4.01,74.58,1472.53,2.71,20.84,Zona C
4.78,1.44,7.46,54.01,1252.31,5.01,22.12,Zona C
5.57,2.61,11.73,106.02,1528.14,7.0,28.27,Zona B
5.84,2.08,20.44,72.77,1708.04,6.87,36.03,Zona B
5.35,2.17,10.16,43.61,1190.48,4.16,13.74,Zona C
5.51,1.68,5.6,47.02,900.64,3.97,19.55,Zona C
6.39,2.91,13.18,88.6,2269.99,8.81,31.82,Zona B
6.35,3.87,18.13,144.8,3713.07,11.29,33.83,Zona A
5.61,3.24,10.71,120.13,1684.52,9.27,22.55,Zona B
6.69,4.61,26.26,140.1,3830.72,9.79,32.33,Zona A
5.11,3.32,15.18,79.59,1635.2,5.69,15.08,Zona B
6.79,4.23,23.46,171.19,3803.21,14.35,22.81,Zona A
6.71,2.85,12.82,94.12,2118.28,9.8,26.71,Zona B
5.58,2.92,12.99,103.63,2077.2,10.59,18.49,Zona B
7.22,4.84,31.23,110.52,3671.29,11.71,34.36,Zona A
6.57,4.15,24.52,173.89,3591.12,15.2,39.05,Zona A
5.84,1.92,7.58,76.56,1197.92,4.17,14.67,Zona C
5.59,3.05,8.4,98.92,2781.02,9.79,20.49,Zona B
6.66,3.55,24.39,181.78,4110.94,12.93,51.69,Zona A
5.87,2.71,17.29,109.89,1538.36,9.51,31.68,Zona B
7.04,3.87,17.19,204.38,3477.65,14.5,35.95,Zona A
5.61,3.1,14.52,67.47,1894.66,6.03,23.91,Zona B
6.24,4.0,17.56,182.1,3153.55,13.46,34.82,Zona A
5.31,1.58,4.04,74.32,812.19,4.08,20.43,Zona C
5.91,3.05,15.0,85.27,1888.4,9.21,29.07,Zona B
5.72,0.91,4.01,76.98,660.45,5.32,17.73,Zona C
6.58,4.27,28.46,178.55,3381.93,11.55,38.28,Zona A
6.67,3.53,30.62,146.28,3421.41,15.66,31.84,Zona A
5.49,1.63,1.87,56.29,1171.6,5.61,24.26,Zona C
5.91,3.79,24.34,86.49,4263.74,12.88,37.51,Zona A
5.18,1.79,8.58,68.48,1227.38,8.6,19.8,Zona C
6.62,4.75,29.34,172.85,2911.33,14.12,35.77,Zona A
5.69,1.8,1.38,58.43,1263.37,7.39,14.21,Zona C
6.12,1.83,12.5,64.43,1344.3,11.21,39.8,Zona B
5.97,3.15,15.66,111.78,1487.01,10.39,19.54,Zona B
5.78,3.09,11.61,78.78,1999.02,9.86,26.33,Zona B
6.45,3.98,22.99,177.74,4144.87,11.93,33.59,Zona A
6.75,5.07,43.61,143.66,2877.91,15.74,34.64,Zona A
6.42,4.58,26.46,163.52,3563.21,13.85,23.07,Zona A
6.35,3.91,27.85,182.84,2985.7,8.26,34.67,Zona A
5.93,1.83,7.56,58.66,737.19,4.74,17.76,Zona C
5.21,1.89,2.35,65.15,1191.65,4.69,18.46,Zona C
4.77,1.01,6.23,60.22,1008.23,6.12,18.79,Zona C
6.25,3.87,29.84,129.26,3454.07,14.56,40.8,Zona A
5.65,2.11,13.68,152.84,1843.21,9.78,24.5,Zona B
5.21,2.08,8.71,63.03,992.74,5.74,19.9,Zona C
5.37,0.8,7.43,56.33,811.07,7.19,15.92,Zona C
5.44,1.84,3.3,44.05,1205.58,6.43,11.91,Zona C
4.74,2.29,6.83,51.1,1059.56,5.71,16.31,Zona C
5.01,2.78,8.29,62.49,1234.1,6.5,23.65,Zona C
5.55,1.03,7.97,52.36,771.88,5.83,19.59,Zona C
5.53,2.09,4.03,63.99,1004.59,5.76,17.64,Zona C
5.35,2.5,12.19,75.15,1887.87,8.83,15.11,Zona B
5.03,1.21,8.31,66.33,1243.36,6.62,20.73,Zona C
5.51,1.77,19.4,93.75,1570.31,9.21,24.11,Zona B
6.53,4.43,30.08,141.8,3568.05,12.11,41.48,Zona A
5.86,2.22,16.0,113.16,2460.43,9.75,34.7,Zona B
5.17,3.6,13.79,123.19,1937.26,6.05,27.1,Zona B
4.81,1.34,5.06,55.87,1182.72,6.32,22.55,Zona C
5.04,1.83,6.66,59.19,1257.81,4.77,21.56,Zona C
4.95,1.42,7.89,65.08,843.34,6.34,25.04,Zona C
5.65,3.63,15.7,101.76,2128.38,6.82,29.2,Zona B
4.71,1.54,6.15,62.54,1367.92,6.53,17.98,Zona C
7.03,4.62,34.55,161.09,3356.45,12.63,36.71,Zona A
5.24,1.52,5.96,68.64,1119.4,7.6,10.99,Zona C
5.57,2.36,11.33,95.07,2114.73,10.76,28.87,Zona B
5.26,2.02,2.4,51.79,1200.82,6.94,17.96,Zona C
6.1,2.57,19.51,96.7,2578.66,10.56,28.6,Zona B
6.75,3.72,38.27,154.63,2953.27,13.83,30.83,Zona A
6.4,3.37,12.16,101.52,2415.15,9.4,22.6,Zona B
5.14,3.01,18.48,104.49,2428.35,8.28,26.61,Zona B
5.06,1.96,13.48,70.32,1084.03,7.53,21.0,Zona C
5.31,0.95,7.57,33.57,1038.01,6.6,14.32,Zona C
5.99,4.35,38.07,133.66,3206.42,12.4,44.04,Zona A
5.51,3.1,12.89,116.0,2143.3,7.28,24.48,Zona B
5.92,3.22,13.51,119.62,2012.21,8.75,29.49,Zona B
5.63,1.32,3.87,58.23,665.14,3.86,19.79,Zona C
4.63,1.97,5.94,79.97,1367.0,6.27,18.59,Zona C
6.33,2.25,11.55,67.23,1806.39,10.12,25.92,Zona B
6.75,2.95,19.58,156.68,3059.12,12.37,43.4,Zona A
5.36,1.41,0.82,58.26,1613.63,6.49,22.67,Zona C
6.05,3.27,16.42,105.61,2382.13,6.85,19.63,Zona B
6.55,4.91,32.55,182.98,2585.32,13.4,38.46,Zona A
6.7,4.44,31.26,197.32,3318.15,13.59,30.79,Zona A
6.78,3.92,23.47,122.16,3312.59,11.19,31.85,Zona A
4.93,2.02,11.52,62.22,961.83,5.26,14.8,Zona C
5.35,3.31,13.43,89.9,1256.62,8.75,22.75,Zona B
5.1,1.99,10.3,44.46,1473.43,4.97,22.58,Zona C
5.11,1.94,4.08,55.6,1315.69,5.15,17.31,Zona C
5.5,1.35,6.86,49.51,1321.64,4.71,16.25,Zona C
6.6,4.4,22.4,188.17,2431.69,11.4,39.07,Zona A
5.02,1.35,3.77,61.59,1286.89,5.54,11.04,Zona C
5.06,1.14,11.19,43.2,1453.53,6.74,23.12,Zona C
5.26,1.64,8.08,64.8,1348.79,6.99,19.95,Zona C
5.19,1.54,0.89,63.51,1117.23,7.52,15.42,Zona C
5.84,2.86,16.31,142.87,1879.88,7.26,25.75,Zona B
6.4,3.18,43.48,152.42,3601.67,11.42,49.47,Zona A
6.38,2.57,13.93,71.52,2136.63,9.83,19.81,Zona B
6.33,4.4,27.88,134.99,3391.65,14.95,42.28,Zona A
5.96,1.18,6.67,77.54,1037.11,5.34,18.87,Zona C
6.71,3.95,25.9,188.72,3470.54,13.7,38.84,Zona A
4.83,2.15,9.38,54.91,1255.88,7.16,17.31,Zona C
6.3,2.51,19.17,79.81,1903.16,9.13,23.96,Zona B
5.51,2.31,6.46,55.73,1178.21,6.73,14.61,Zona C
6.59,4.17,29.3,120.92,3126.74,10.95,36.3,Zona A
4.73,2.12,12.15,55.88,993.85,6.48,19.47,Zona C
5.84,3.85,15.12,88.46,1568.61,9.17,33.01,Zona B
5.45,3.08,13.41,100.66,2137.52,8.5,23.64,Zona B
5.49,2.4,16.96,105.02,1772.72,8.12,33.15,Zona B
4.87,1.69,5.51,54.54,1268.37,5.64,20.6,Zona C
5.34,2.14,7.17,46.94,1264.66,7.35,19.14,Zona C
5.63,2.42,13.75,103.57,1791.09,8.26,30.75,Zona B
5.96,3.91,40.94,129.14,3354.7,11.91,39.28,Zona A
5.88,2.79,13.12,129.23,1568.65,10.23,24.42,Zona B
5.1,2.06,4.61,38.24,1198.11,4.2,16.26,Zona C
5.56,1.38,1.61,62.62,1365.54,5.4,16.31,Zona C
6.3,3.93,28.39,164.22,3197.48,12.91,44.62,Zona A
7.06,3.29,31.48,180.27,2591.3,13.87,27.88,Zona A
5.26,1.56,3.54,52.63,1398.79,3.87,22.85,Zona C
5.21,0.88,6.21,54.65,930.14,5.82,18.67,Zona C
6.44,1.37,12.06,90.89,2104.58,9.19,27.16,Zona B
6.62,3.6,26.72,183.83,2516.96,15.81,47.54,Zona A
6.07,4.16,26.34,208.96,3049.67,14.77,44.61,Zona A
4.8,1.45,5.57,61.57,1096.62,4.25,17.09,Zona C
7.01,3.29,16.2,137.02,3431.41,13.45,44.38,Zona A
5.28,2.43,18.38,102.69,1716.19,7.78,24.04,Zona B
5.16,0.22,1.17,66.98,1235.0,6.76,26.46,Zona C
5.84,2.95,18.42,66.65,2470.8,7.18,22.51,Zona B
6.32,1.59,16.11,89.36,1633.49,10.44,29.33,Zona B
6.72,3.51,19.12,86.7,1884.0,6.98,29.46,Zona B
6.14,3.63,35.37,172.78,2636.42,12.87,40.21,Zona A
5.34,2.28,6.1,58.85,1404.11,6.12,18.55,Zona C
5.87,2.93,18.25,93.12,2279.25,7.07,21.56,Zona B
5.34,2.06,2.68,63.93,1083.47,7.19,30.66,Zona C
5.84,3.29,10.58,86.21,1394.41,8.76,28.93,Zona B
5.62,2.9,14.3,107.7,1581.2,8.83,24.17,Zona B
5.91,2.48,11.04,97.68,1193.53,7.78,22.45,Zona B
4.78,1.68,8.52,46.04,1295.34,6.47,16.87,Zona C
6.87,3.92,34.18,164.41,2971.34,10.63,37.66,Zona A
5.1,2.17,8.36,64.71,1170.06,6.27,20.59,Zona C
6.23,3.78,19.52,138.92,3736.63,14.48,49.65,Zona A
6.78,4.48,31.05,141.2,3086.81,10.67,36.73,Zona A
4.99,2.46,2.69,69.92,1168.75,6.29,21.45,Zona C
5.58,2.96,11.72,101.85,1510.32,6.61,20.78,Zona B
4.92,2.58,7.85,61.22,797.64,7.56,17.96,Zona C
6.13,2.1,15.56,91.32,2083.95,8.63,34.8,Zona B
6.74,2.4,16.97,112.88,1943.85,6.86,23.57,Zona B
5.37,2.39,5.92,90.07,1291.35,5.68,16.29,Zona C
6.04,3.17,29.86,153.51,2908.61,12.09,42.54,Zona A
7.34,3.52,30.97,158.05,2749.02,12.99,30.74,Zona A
5.44,2.56,15.92,92.54,1775.61,8.43,28.85,Zona B
5.41,1.84,17.14,80.75,2136.89,9.2,19.28,Zona B
6.68,3.36,23.48,200.38,2824.19,11.18,31.99,Zona A
6.54,3.28,11.45,143.1,2875.32,9.1,31.1,Zona B
5.3,1.48,6.9,32.93,833.58,4.7,20.44,Zona C
5.52,1.61,10.0,62.49,1414.4,4.77,18.69,Zona C
4.42,1.34,5.9,42.94,1289.75,2.64,21.25,Zona C
7.16,2.38,15.15,101.49,2696.98,7.67,25.62,Zona B
6.01,4.85,20.01,123.56,3407.93,12.37,47.02,Zona A
6.56,2.82,13.85,94.53,1755.8,5.55,22.97,Zona B
7.25,4.18,36.83,192.76,3702.83,12.94,27.9,Zona A
5.26,2.11,7.61,88.15,1484.35,6.15,20.09,Zona C
7.16,3.2,17.99,115.79,2761.9,11.33,34.05,Zona A
5.27,2.89,17.36,106.32,2142.32,10.53,32.78,Zona B
6.77,4.33,20.54,187.68,2637.32,11.53,45.1,Zona A
5.1,1.7,4.43,60.98,1419.57,6.81,20.8,Zona C
5.26,3.27,19.66,98.36,2028.7,9.21,23.41,Zona B
6.22,2.57,12.32,82.38,1919.27,9.04,20.48,Zona B
5.79,1.85,2.65,89.39,1885.9,7.74,38.83,Zona B
6.26,2.91,20.14,101.93,2036.02,6.78,28.24,Zona B
6.26,2.28,13.58,114.7,1946.13,8.48,25.87,Zona B
6.35,4.63,31.3,167.08,3006.84,14.36,43.36,Zona A
5.33,2.67,11.57,101.93,2030.46,10.48,32.36,Zona B
6.4,3.39,14.01,98.97,2429.46,6.98,34.23,Zona B
5.48,1.7,4.12,64.62,1168.16,4.89,14.88,Zona C
4.49,1.21,2.67,50.39,996.64,5.26,21.08,Zona C
5.08,1.28,8.91,72.58,792.62,5.95,20.22,Zona C
5.85,3.34,9.93,92.85,1117.2,7.78,27.28,Zona B
6.44,5.56,40.46,161.54,2166.72,15.2,31.3,Zona A
6.48,2.25,8.22,90.82,1923.99,7.35,26.27,Zona B
6.7,4.42,36.86,179.15,3052.45,14.84,40.55,Zona A
5.09,2.74,0.0,46.02,1275.51,6.39,19.93,Zona C
6.39,4.24,34.06,152.61,2922.64,14.54,28.21,Zona A
5.36,1.55,4.64,66.74,1158.05,6.81,15.58,Zona C
5.24,1.74,4.16,50.75,1055.71,6.45,22.01,Zona C
6.04,3.22,8.11,96.94,2156.44,6.26,33.75,Zona B
5.09,1.69,5.28,85.78,1071.26,6.88,12.27,Zona C
5.11,3.17,16.61,84.67,1873.65,10.29,30.48,Zona B
5.33,1.77,7.84,57.2,1104.89,6.47,15.72,Zona C
5.02,1.33,5.2,56.31,1245.96,5.47,23.43,Zona C
4.83,0.81,6.39,48.14,1128.62,6.37,12.93,Zona C
7.42,4.96,21.38,149.21,3203.06,12.53,41.09,Zona A
5.4,1.36,8.39,52.04,1220.63,6.71,29.29,Zona C
5.06,2.27,6.05,58.81,1195.86,5.86,13.67,Zona C
5.37,1.94,5.49,56.15,1154.17,6.39,19.49,Zona C
5.39,3.55,15.74,74.68,1476.84,9.5,30.51,Zona B
5.75,2.24,19.28,72.82,1714.84,12.49,17.18,Zona B
6.72,5.28,22.16,116.29,3700.71,14.23,29.87,Zona A
4.76,0.26,9.82,65.35,966.64,7.91,21.2,Zona C
5.72,1.88,11.52,58.75,478.14,7.44,24.17,Zona C
6.17,4.37,12.68,191.64,2984.52,11.94,36.29,Zona A
5.2,2.4,5.28,60.04,1185.44,3.13,22.69,Zona C
6.18,3.61,14.22,97.58,1821.15,8.69,30.84,Zona B
6.05,2.22,13.06,99.62,2044.07,10.21,29.69,Zona B
5.02,1.88,5.03,67.88,1358.3,5.75,22.76,Zona C
5.74,2.61,9.68,87.16,2539.11,8.94,28.35,Zona B
5.4,1.68,4.42,68.15,1105.03,4.12,16.65,Zona C
5.65,2.8,11.84,115.19,2302.69,8.18,29.29,Zona B
6.86,4.22,21.91,189.05,2496.09,14.0,44.35,Zona A
5.26,2.83,5.54,65.56,897.66,6.38,19.57,Zona C
5.27,2.09,7.13,45.47,1203.95,6.27,15.83,Zona C
5.99,2.77,10.02,121.44,2037.52,8.1,16.38,Zona B
5.68,2.51,14.28,107.71,2014.32,6.89,37.46,Zona B
6.26,4.33,31.34,215.78,3892.07,13.65,35.58,Zona A
4.95,2.22,6.72,80.2,1173.04,4.76,23.23,Zona C
4.71,1.13,4.8,55.47,1145.22,5.64,22.7,Zona C
6.76,4.95,34.52,120.47,3440.53,14.65,48.57,Zona A
5.97,2.89,19.5,88.84,2487.36,6.84,26.78,Zona B
6.57,4.92,35.2,174.02,3293.27,12.48,51.63,Zona A
6.61,4.09,26.96,132.36,3129.85,11.85,37.54,Zona A
6.91,4.4,24.7,154.34,2594.36,11.44,48.41,Zona A
5.11,1.59,6.37,77.04,1108.19,4.8,16.89,Zona C
5.36,1.61,6.0,39.75,1046.0,7.19,21.95,Zona C
6.85,5.07,36.34,200.31,3303.53,16.13,50.52,Zona A
5.99,2.26,15.22,78.57,2056.45,7.77,23.85,Zona B
6.58,5.1,39.48,153.69,3471.43,15.29,26.78,Zona A
5.83,2.96,16.89,90.75,2194.58,8.6,35.72,Zona B
6.24,2.93,14.97,99.26,1388.74,7.39,23.49,Zona B
6.18,4.65,33.99,155.43,3369.38,9.62,33.76,Zona A
4.42,2.04,8.21,62.53,1116.1,5.18,18.49,Zona C
6.04,2.44,14.14,79.69,2466.86,9.66,30.51,Zona B
5.79,1.56,5.49,56.0,843.57,5.97,21.3,Zona C
7.09,4.18,27.33,214.27,2399.64,12.94,32.73,Zona A
6.38,3.71,17.45,97.75,2125.91,11.39,23.74,Zona B
6.87,4.18,33.51,152.02,3388.28,14.03,48.06,Zona A
5.48,3.2,11.8,100.26,1961.5,8.12,22.99,Zona B
5.74,1.83,20.99,113.6,2172.51,10.18,18.03,Zona B
5.36,1.51,5.86,65.76,1137.2,5.7,17.14,Zona C
6.11,2.55,14.96,92.05,2047.81,8.59,20.34,Zona B
6.66,4.33,34.24,154.77,2603.28,11.8,32.21,Zona A
6.55,4.7,16.98,152.27,3552.53,11.61,36.02,Zona A
4.57,2.3,5.94,65.72,1306.71,4.48,25.47,Zona C
6.24,2.01,9.24,132.54,1949.29,9.44,35.41,Zona B
6.3,3.61,29.82,148.82,2668.63,15.53,26.54,Zona A
6.84,3.89,27.14,195.27,3025.81,12.89,34.46,Zona A
6.42,4.36,27.96,156.0,3238.39,12.26,45.66,Zona A
5.46,2.75,15.64,120.19,1827.82,6.98,28.96,Zona B
6.33,3.01,12.05,107.49,1919.29,9.59,25.88,Zona B
6.13,3.07,15.07,96.3,2584.97,8.34,22.7,Zona B
6.3,3.86,12.45,143.23,3317.56,12.08,37.01,Zona A
6.33,4.95,32.55,154.03,3644.3,11.75,32.33,Zona A
6.02,3.23,10.24,105.28,2297.89,7.73,24.11,Zona B
5.13,1.98,10.58,73.76,1168.48,5.17,17.91,Zona C
6.12,3.36,16.51,84.66,2029.05,7.67,25.28,Zona B
7.76,5.22,38.5,135.64,3199.68,15.81,40.71,Zona A
5.15,1.65,6.42,63.65,981.22,5.68,24.99,Zona C
6.67,4.0,26.21,160.61,3274.14,16.26,43.08,Zona A
4.87,2.25,7.94,67.56,1175.58,6.32,25.27,Zona C
5.22,3.0,5.6,92.6,2188.22,9.16,29.94,Zona B
6.06,2.77,13.01,140.96,1938.36,11.84,28.29,Zona B
5.0,1.61,7.71,84.45,1077.7,5.98,19.93,Zona C
4.13,2.36,1.55,51.78,1116.47,6.59,23.99,Zona C
6.17,3.5,33.6,172.83,3586.81,11.27,34.91,Zona A
6.73,2.67,17.06,92.08,2004.57,6.74,26.79,Zona B
6.26,4.09,36.18,164.49,3419.54,15.39,40.62,Zona A
6.24,3.09,16.54,60.8,1877.23,10.13,26.52,Zona B
6.54,2.47,18.67,94.07,2252.35,9.05,39.21,Zona B
5.66,2.17,6.09,65.35,1472.92,8.59,19.86,Zona C
5.15,1.58,4.88,67.96,673.81,5.03,23.79,Zona C
5.15,2.04,4.66,71.32,663.87,5.48,14.58,Zona C
6.46,4.36,35.9,131.46,2476.6,13.87,37.44,Zona A
6.2,4.17,19.36,184.64,2827.18,10.47,33.73,Zona A
6.58,3.22,16.07,100.24,2602.75,8.95,32.43,Zona B
7.08,4.43,32.25,122.38,3737.35,10.83,25.09,Zona A
6.84,4.22,29.6,186.9,3492.7,12.35,31.08,Zona A
6.06,2.03,11.95,74.72,2032.61,7.69,37.98,Zona B
6.45,4.32,42.96,162.88,3640.49,12.0,23.07,Zona A
5.73,2.92,13.08,105.86,2328.52,9.39,28.0,Zona B
6.03,2.73,15.69,86.2,2039.69,9.35,18.17,Zona B
4.57,2.24,8.36,59.89,643.59,5.32,19.5,Zona C
6.04,3.03,17.49,106.15,1939.58,8.46,28.99,Zona B
4.85,1.76,5.53,75.07,1132.5,5.86,23.35,Zona C
6.45,4.86,29.97,181.32,3523.18,12.14,35.53,Zona A
5.31,1.25,6.38,68.52,1109.39,5.04,19.95,Zona C
6.33,3.65,35.31,165.83,3167.78,11.34,28.73,Zona A
7.23,3.98,30.92,143.75,3953.52,10.47,39.55,Zona A
5.45,2.94,13.07,103.94,1667.09,10.45,25.42,Zona B
7.52,3.25,22.68,140.68,2597.63,13.98,44.92,Zona A
5.6,2.94,20.88,118.84,1990.81,10.08,33.73,Zona B
7.06,3.21,33.78,149.91,2941.88,14.93,40.66,Zona A
6.03,1.45,16.76,118.87,1632.07,8.52,33.34,Zona B
5.2,2.9,10.26,95.72,2090.57,10.64,25.47,Zona B
5.12,2.46,3.71,60.98,1087.52,4.53,18.11,Zona C
6.62,3.9,29.7,122.43,3033.71,15.65,43.33,Zona A
5.31,2.87,14.93,98.78,1681.27,10.91,24.72,Zona B
4.69,1.39,7.15,63.08,1075.95,6.83,16.25,Zona C
6.4,2.9,13.06,91.6,2486.84,12.96,25.68,Zona B
5.4,3.2,13.37,117.53,1497.31,8.08,22.38,Zona B
6.24,4.32,33.89,134.84,3776.74,13.31,45.97,Zona A
5.44,1.41,3.44,55.49,771.28,6.4,15.93,Zona C
4.88,1.33,8.01,60.76,708.26,6.22,15.48,Zona C
6.01,2.86,13.11,101.81,1314.93,7.84,32.78,Zona B
6.86,3.82,31.25,130.16,3507.61,11.01,40.57,Zona A
5.37,2.66,18.92,121.31,1446.79,8.58,24.7,Zona B
4.95,2.18,8.57,38.21,851.29,7.49,17.91,Zona C
4.64,1.22,9.94,48.77,1045.5,5.56,23.36,Zona C
4.87,1.37,9.63,50.21,1205.31,7.12,26.63,Zona C
6.14,3.51,14.78,87.3,1911.12,9.14,21.11,Zona B
6.38,2.58,16.87,114.3,1829.33,11.37,23.4,Zona B
6.72,4.01,30.64,208.47,2902.11,15.58,26.72,Zona A
5.34,1.98,6.53,50.98,1295.49,5.02,25.74,Zona C
4.65,2.0,2.77,54.78,1051.66,5.25,20.83,Zona C
6.09,4.35,30.95,187.14,3003.46,10.05,30.27,Zona A
5.2,2.04,6.38,59.41,745.03,6.15,19.72,Zona C
5.89,2.96,19.56,92.67,2475.72,10.02,23.65,Zona B
6.69,4.04,28.47,175.48,3501.72,11.91,44.25,Zona A
5.93,3.46,13.25,117.21,2408.63,8.86,34.97,Zona B
5.1,2.22,4.73,73.29,945.68,6.55,11.35,Zona C
7.16,4.21,23.87,164.21,3031.16,11.03,30.58,Zona A
6.62,4.32,31.05,148.2,2603.09,15.33,34.81,Zona A
6.81,4.02,35.97,203.31,3568.45,12.04,33.95,Zona A
5.03,1.77,7.36,63.33,1334.74,6.12,10.75,Zona C
6.69,2.75,30.52,183.69,3853.97,11.48,25.37,Zona A
6.07,2.76,13.29,101.38,2418.44,9.72,27.73,Zona B
4.73,1.72,8.36,62.7,469.6,6.24,20.26,Zona C
5.46,1.14,4.44,53.44,1157.48,4.85,23.75,Zona C
4.81,1.17,5.42,68.32,1079.21,7.23,15.99,Zona C
6.32,3.78,31.52,159.27,3094.52,7.62,33.17,Zona A
6.52,4.76,22.07,184.96,4110.62,13.17,43.85,Zona A
6.33,4.69,30.76,173.66,2369.22,13.25,28.54,Zona A
5.09,2.15,1.23,51.48,1322.93,5.28,16.0,Zona C
5.6,2.39,10.78,59.64,1193.21,7.17,20.54,Zona C
5.7,2.04,7.42,63.34,1019.23,6.39,14.94,Zona C
5.07,1.31,4.23,74.15,1084.79,6.9,19.84,Zona C
5.11,1.52,2.38,73.72,1162.22,6.32,16.54,Zona C
6.07,2.74,11.28,71.52,1726.09,7.8,23.2,Zona B
5.61,3.85,7.26,73.05,1790.06,11.68,32.15,Zona B
5.55,2.89,11.4,124.54,2679.79,10.05,21.34,Zona B
5.5,2.81,20.42,117.5,1380.83,8.09,21.99,Zona B
5.82,3.14,13.43,95.05,1779.0,6.75,31.49,Zona B
6.71,3.55,28.49,165.33,2826.3,12.94,30.76,Zona A
6.45,3.27,15.48,114.91,1872.17,9.16,27.41,Zona B
5.47,1.13,2.69,54.89,1092.71,6.64,19.98,Zona C
6.44,4.7,26.45,139.31,2996.04,11.56,26.29,Zona A
4.91,1.95,9.75,42.69,1040.11,7.48,22.78,Zona C
5.24,1.86,6.58,52.22,1139.29,8.06,18.41,Zona C
5.57,2.62,9.29,100.74,1766.15,7.08,23.96,Zona B
6.43,2.74,12.01,72.43,1938.35,8.88,21.18,Zona B
5.21,1.04,6.93,58.46,1536.62,5.6,17.35,Zona C
5.69,1.94,8.12,40.36,1013.12,5.63,14.44,Zona C
4.94,3.14,11.09,90.26,1459.45,10.35,31.8,Zona B
6.54,4.46,30.33,113.12,3982.5,14.07,46.51,Zona A
5.09,1.42,4.63,39.42,1126.94,5.78,22.42,Zona C
5.55,0.75,11.3,52.39,1051.38,5.76,16.14,Zona C
6.38,3.82,19.8,184.24,3512.07,11.91,42.07,Zona A
6.33,2.95,9.08,128.94,2242.07,10.65,26.03,Zona B
5.02,1.62,3.36,57.32,1239.67,5.14,14.72,Zona C
5.78,1.35,6.46,58.87,729.44,5.31,20.91,Zona C
5.81,2.84,19.24,101.23,2160.65,7.92,35.7,Zona B
6.43,4.54,35.74,186.4,3424.86,15.04,38.11,Zona A
6.37,5.28,26.74,194.89,3851.82,11.36,31.86,Zona A
6.4,3.74,36.94,167.18,3039.34,12.51,41.44,Zona A
5.94,2.38,8.01,92.58,2199.65,11.08,28.73,Zona B
5.19,1.81,10.1,52.21,696.31,5.45,17.9,Zona C
5.37,2.53,16.37,80.59,1637.35,9.19,34.14,Zona B
5.39,1.59,2.87,56.84,1302.09,4.66,21.32,Zona C
5.99,2.89,17.41,100.57,2380.7,7.75,34.38,Zona B
6.79,3.95,20.74,157.54,3512.99,14.71,31.45,Zona A
6.7,4.25,24.34,154.72,2948.76,13.71,44.73,Zona A
4.94,1.38,4.2,65.96,1233.59,8.77,26.55,Zona C
6.77,3.37,17.16,130.68,1749.2,7.35,19.68,Zona B
6.67,4.06,40.45,142.08,2853.89,13.99,30.28,Zona A
6.36,2.96,29.69,150.83,3165.82,14.05,41.65,Zona A
6.32,3.85,31.35,201.0,3396.53,14.13,36.57,Zona A
5.43,2.63,12.88,109.73,1907.17,8.84,24.28,Zona B
4.73,1.42,3.53,59.77,868.46,7.43,16.18,Zona C
5.83,2.27,15.94,101.43,3084.4,7.61,34.7,Zona B
6.84,3.43,31.58,211.56,2642.4,11.14,40.84,Zona A
5.89,3.0,13.08,96.64,2464.82,7.71,29.91,Zona B
6.19,2.61,12.76,109.35,1106.26,7.45,26.99,Zona B
6.23,2.81,16.12,130.15,1809.18,9.11,29.19,Zona B
5.41,2.32,18.81,77.27,1875.41,8.72,28.62,Zona B
5.85,3.28,11.85,97.51,1989.77,12.96,30.43,Zona B
6.23,3.42,32.21,133.31,2539.61,13.72,36.39,Zona A
4.76,0.93,5.34,69.21,1358.1,5.75,21.86,Zona C
5.11,1.88,3.62,47.81,1320.26,8.61,19.26,Zona C
6.46,4.3,26.89,136.61,2907.78,16.53,39.7,Zona A
6.21,3.38,15.24,86.53,1518.57,9.9,25.29,Zona B
6.75,5.5,26.5,163.57,2683.28,15.26,50.28,Zona A
6.24,5.07,16.15,171.05,3500.93,16.07,40.85,Zona A
6.79,4.22,29.93,160.53,2523.61,13.54,44.82,Zona A
6.2,2.57,16.27,137.49,2181.58,10.0,32.37,Zona B
5.28,1.74,9.53,65.76,1222.29,4.17,21.02,Zona C
6.31,2.03,16.61,105.58,2874.1,7.67,28.2,Zona B
4.98,1.01,2.63,57.32,1361.01,3.89,20.57,Zona C
6.12,2.36,11.04,75.7,1789.61,7.85,17.81,Zona B
4.81,2.17,7.98,69.36,991.5,3.87,21.02,Zona C
5.98,2.73,11.66,72.0,1868.91,9.68,24.65,Zona B
5.92,3.04,15.65,94.06,1516.29,8.18,20.15,Zona B
4.77,0.85,2.49,80.37,1436.74,7.22,17.75,Zona C
7.06,4.54,24.12,159.92,3061.42,11.9,49.33,Zona A
4.95,1.54,2.98,66.4,928.8,6.08,23.9,Zona C
6.83,5.28,30.37,156.22,3217.07,11.97,38.79,Zona A
6.78,5.05,31.18,161.92,3550.52,14.52,32.58,Zona A
6.53,3.91,30.36,148.67,3295.98,11.51,29.99,Zona A
5.93,3.07,5.66,91.0,1246.19,5.43,32.82,Zona B
6.49,4.21,13.77,99.6,2164.14,11.3,22.91,Zona B
4.31,1.3,6.38,63.68,1167.92,8.01,15.02,Zona C
6.66,3.85,34.28,88.19,2403.92,13.1,36.76,Zona A
6.25,1.99,6.72,96.93,2428.38,12.3,18.25,Zona B
6.75,3.83,24.51,161.75,4089.4,13.08,27.99,Zona A
6.37,4.69,35.14,136.12,3245.84,13.34,43.71,Zona A
6.72,3.48,20.54,104.47,1925.14,7.3,31.56,Zona B
5.59,2.12,16.58,78.4,2244.16,8.86,15.91,Zona B
6.34,2.78,5.29,95.05,3024.54,8.35,27.46,Zona B
4.93,1.36,3.37,77.46,1274.31,7.05,17.24,Zona C
5.37,1.29,6.88,75.26,724.8,5.96,21.58,Zona C
6.43,2.45,10.06,102.45,2358.07,9.48,28.23,Zona B
5.07,1.73,7.2,69.81,568.29,7.82,20.45,Zona C
5.97,3.55,5.64,89.11,1388.47,11.17,21.51,Zona B
5.25,1.93,4.53,59.18,1356.79,6.31,26.25,Zona C
6.86,3.89,23.99,145.95,3038.1,11.31,36.32,Zona A
6.99,4.82,28.06,153.29,3499.67,16.3,35.83,Zona A
5.98,4.59,29.09,166.73,2618.48,14.15,38.85,Zona A
6.56,4.84,26.88,135.32,2704.93,9.53,51.92,Zona A
5.77,1.73,11.54,67.51,1130.16,4.78,26.6,Zona C
5.8,2.7,15.06,83.47,2048.82,9.65,23.96,Zona B
5.31,2.09,6.7,78.18,1161.02,5.64,15.58,Zona C
6.79,4.92,21.73,211.85,2511.0,13.17,27.34,Zona A
6.9,2.9,10.14,95.12,2223.54,10.28,23.26,Zona B
6.4,3.42,13.97,97.93,2393.73,9.11,17.8,Zona B
5.14,2.53,13.5,102.69,1467.9,8.0,29.25,Zona B
5.2,1.5,5.92,76.43,991.19,5.4,18.02,Zona C
5.64,2.17,0.88,61.76,1167.26,4.72,8.04,Zona C
4.84,2.06,1.58,56.1,1334.74,5.29,9.09,Zona C
6.28,4.41,27.12,180.2,2929.81,15.41,45.5,Zona A
6.31,2.82,14.33,106.49,2138.1,7.66,17.18,Zona B
5.5,2.82,17.03,95.1,2386.13,8.72,29.21,Zona B
5.48,3.33,5.12,119.78,2170.21,9.44,17.24,Zona B
5.54,1.14,6.39,64.87,1485.7,4.99,17.76,Zona C
6.58,2.98,20.23,161.67,2102.53,11.21,48.53,Zona A
7.15,4.9,28.82,157.26,2907.49,13.39,37.55,Zona A
5.47,2.65,17.33,126.61,2005.49,11.0,18.03,Zona B
5.59,2.8,23.57,93.08,1862.1,10.98,26.71,Zona B
6.94,4.14,23.84,156.99,3472.03,15.76,30.93,Zona A
4.96,1.36,4.1,61.52,1397.79,6.16,23.85,Zona C
5.77,2.04,15.17,111.86,1760.43,9.28,27.04,Zona B
6.17,3.06,14.87,139.33,1630.53,10.29,22.25,Zona B
5.19,1.79,4.72,92.62,2107.8,8.4,21.52,Zona B
5.61,3.04,12.87,62.66,1677.16,10.31,23.85,Zona B
6.45,4.35,30.58,177.33,2650.68,11.87,39.86,Zona A
5.6,1.57,9.21,68.03,1017.03,6.82,18.14,Zona C
4.89,1.41,9.71,67.73,1401.63,6.31,22.59,Zona C
5.86,3.1,14.85,111.6,1687.27,7.98,20.57,Zona B
5.76,2.81,19.93,104.91,1980.83,9.22,31.17,Zona B
4.78,2.5,2.23,82.43,1181.2,5.23,19.56,Zona C
6.14,2.68,7.82,107.85,1740.83,9.45,19.16,Zona B
4.76,1.52,7.96,76.6,805.06,5.28,16.83,Zona C
5.58,1.51,5.91,67.48,1259.98,7.14,11.52,Zona C
4.59,1.4,5.74,83.23,810.86,7.5,9.17,Zona C
6.6,4.78,26.1,164.87,3215.37,10.21,42.33,Zona A
5.24,2.8,14.1,95.95,1731.53,8.87,28.67,Zona B
6.57,5.13,28.72,179.84,2514.94,11.02,27.24,Zona A
5.11,3.28,10.45,95.36,1671.01,7.86,28.83,Zona B
6.79,3.36,28.36,139.55,2843.41,12.4,35.52,Zona A
7.07,3.84,33.37,177.41,3200.54,18.31,40.92,Zona A
6.93,3.94,32.91,163.67,4007.85,11.86,40.7,Zona A
5.06,1.51,7.81,51.76,850.27,5.54,19.47,Zona C
5.76,2.63,17.93,106.15,2435.6,9.76,24.85,Zona B
5.17,1.99,2.12,59.39,1497.7,4.92,23.61,Zona C
6.83,4.86,35.49,157.74,3319.65,9.22,48.69,Zona A
5.32,1.94,0.97,64.57,987.77,6.35,20.01,Zona C
6.71,4.23,28.72,198.58,3757.53,14.09,40.7,Zona A
4.8,1.52,5.05,41.46,787.61,6.6,16.16,Zona C
5.5,1.67,0.0,39.06,1111.82,4.89,22.06,Zona C
5.68,2.9,12.78,107.48,2206.9,8.08,24.89,Zona B
5.85,3.25,5.93,87.54,1881.08,9.07,25.01,Zona B
6.09,2.6,9.8,68.56,2476.75,9.17,24.82,Zona B
5.43,2.5,14.34,90.68,1961.84,8.22,19.52,Zona B
6.66,2.95,15.43,112.4,2600.57,11.3,23.73,Zona B
5.33,2.52,15.92,100.61,1802.11,7.92,22.03,Zona B
6.98,4.5,38.04,156.56,3599.1,13.35,32.71,Zona A
6.63,3.12,30.62,187.22,3282.73,13.87,35.67,Zona A
6.35,5.13,24.32,131.41,3425.3,16.43,29.81,Zona A
6.03,2.03,17.24,110.97,1879.58,9.28,37.72,Zona B
6.92,4.08,18.54,167.54,3195.81,11.98,35.98,Zona A
7.17,3.74,31.68,163.07,2794.72,11.91,30.24,Zona A
6.54,3.88,26.65,170.68,3023.59,12.03,37.18,Zona A
6.88,3.95,23.97,169.18,2831.33,13.96,32.86,Zona A
6.16,2.7,19.71,86.34,2946.06,8.9,25.12,Zona B
6.8,4.44,33.37,181.19,2996.56,10.48,47.14,Zona A
6.84,3.73,34.63,162.83,4285.68,14.27,35.1,Zona A
6.3,2.91,11.91,128.6,1864.71,8.36,20.39,Zona B
5.84,3.16,23.37,116.11,1370.62,8.65,35.47,Zona B
6.59,4.4,28.46,167.34,3239.9,12.46,39.21,Zona A
5.43,1.17,6.25,34.12,1099.44,6.06,28.4,Zona C
6.3,1.6,18.03,132.13,1848.14,10.8,29.84,Zona B
6.38,3.72,33.3,171.72,3704.46,13.78,25.7,Zona A
5.58,1.94,5.78,66.95,908.38,6.39,18.37,Zona C
6.55,3.19,22.3,71.21,1784.91,8.59,31.04,Zona B
5.96,2.46,14.59,91.2,1771.29,7.77,24.37,Zona B
5.05,1.45,8.05,81.03,1212.02,6.52,18.57,Zona C
5.6,2.03,3.19,77.21,937.14,5.64,15.96,Zona C
5.41,2.31,8.42,115.44,1856.32,10.44,15.25,Zona B
5.4,1.38,10.49,109.69,2073.67,7.66,33.28,Zona B
4.89,1.56,7.51,46.37,1362.58,7.8,11.67,Zona C
5.9,3.24,19.25,101.41,2339.61,9.52,29.11,Zona B
6.53,5.06,31.53,162.24,3599.28,12.53,29.98,Zona A
5.38,1.44,4.65,42.68,977.35,6.7,20.96,Zona C
5.08,1.29,7.95,73.71,1199.41,6.2,20.57,Zona C
5.38,1.88,2.72,64.17,1119.89,8.2,16.67,Zona C
6.67,3.24,14.77,87.19,2152.23,9.6,26.89,Zona B
6.46,4.37,32.63,159.47,3582.9,11.17,39.9,Zona A
6.11,2.6,12.1,100.42,2585.29,10.9,22.93,Zona B
6.39,4.49,32.37,170.91,3479.99,12.92,37.43,Zona A
6.19,2.65,11.43,90.94,2242.87,10.7,20.73,Zona B
6.02,2.49,13.49,114.89,1269.97,11.37,21.18,Zona B
6.65,4.56,18.44,163.16,3285.37,13.6,28.79,Zona A
6.63,4.31,28.8,124.84,2423.39,14.57,32.83,Zona A
5.77,2.55,13.21,92.28,2183.39,8.78,21.6,Zona B
6.35,4.58,29.1,166.51,3383.89,13.35,32.12,Zona A
5.01,2.76,10.41,107.17,1474.0,10.45,28.7,Zona B
5.56,3.05,16.64,85.51,2076.64,7.14,22.81,Zona B
6.42,1.8,12.99,90.14,1972.03,10.45,28.41,Zona B
6.28,3.89,33.51,137.41,3118.82,12.41,31.38,Zona A
5.53,1.79,7.04,51.86,1059.48,5.55,18.03,Zona C
6.02,4.59,26.86,152.7,2955.15,14.17,31.03,Zona A
6.57,4.52,34.47,201.53,2964.16,12.61,34.48,Zona A
5.66,1.78,6.25,72.58,1049.35,5.85,23.0,Zona C
6.19,3.27,28.29,170.25,2769.6,13.45,32.29,Zona A
5.74,2.79,13.37,104.02,2011.8,10.85,36.96,Zona B
6.4,4.9,30.96,138.05,2903.85,16.37,36.27,Zona A
6.03,2.59,16.34,119.28,1415.09,8.38,25.15,Zona B
5.04,1.36,7.46,56.54,1603.39,5.88,14.85,Zona C
4.83,0.85,3.41,79.77,1243.44,3.79,16.51,Zona C
4.97,1.55,9.5,63.56,635.08,5.99,23.63,Zona C
5.33,2.47,11.93,90.52,2177.01,9.66,16.45,Zona B
6.74,4.49,18.58,168.11,3817.78,14.32,36.02,Zona A
6.5,4.24,20.63,170.59,3897.06,14.69,31.87,Zona A
4.84,1.28,4.6,46.5,1204.22,6.26,17.43,Zona C
6.53,4.4,25.91,165.01,3200.24,13.67,45.2,Zona A
4.65,1.6,4.03,45.99,1403.29,4.46,21.68,Zona C
6.72,5.33,21.76,136.17,3939.2,12.67,40.17,Zona A
6.48,3.18,21.78,69.54,2584.47,10.83,13.63,Zona B
4.42,1.54,3.87,68.23,1078.45,7.34,22.24,Zona C
6.56,4.67,32.33,135.71,2927.36,13.48,36.19,Zona A
6.72,4.26,42.64,159.43,2743.21,10.54,27.49,Zona A
7.13,3.83,29.4,164.74,3114.9,13.7,39.37,Zona A
6.42,3.91,27.95,172.72,3117.56,11.5,40.17,Zona A
6.71,3.28,24.83,169.43,3332.4,13.15,37.33,Zona A
5.03,2.88,14.55,89.2,1865.64,9.81,22.23,Zona B
6.89,4.18,28.89,144.69,3600.67,12.56,46.4,Zona A
6.68,3.61,16.01,211.44,2717.66,13.38,41.5,Zona A
5.89,2.36,16.89,136.41,2298.62,8.5,27.79,Zona B
5.84,2.63,14.14,121.65,2494.21,9.08,28.66,Zona B
6.4,1.97,12.13,90.77,1333.36,10.04,31.64,Zona B
5.66,3.08,14.33,84.69,2000.39,6.92,33.5,Zona B
6.5,4.72,40.53,143.85,2808.65,11.86,47.9,Zona A
7.05,4.46,27.0,226.11,3301.39,14.58,51.63,Zona A
5.81,4.7,33.98,171.66,2922.06,17.72,33.6,Zona A
4.89,1.67,6.22,51.52,866.35,4.67,17.2,Zona C
5.57,2.79,5.17,72.26,1251.38,4.53,17.88,Zona C
5.78,1.92,4.52,38.22,1177.26,8.46,19.49,Zona C
6.82,4.26,26.95,142.29,3027.21,13.63,39.3,Zona A
5.24,1.29,5.53,45.75,1252.77,6.24,21.36,Zona C
6.19,1.71,7.12,63.84,717.56,6.03,20.72,Zona C
5.96,3.05,15.89,95.37,1933.34,5.27,23.6,Zona B
6.89,4.55,28.19,148.15,3600.59,12.31,43.17,Zona A
6.79,4.48,37.83,119.59,3528.84,12.04,39.14,Zona A
4.88,1.38,2.63,51.67,909.13,6.78,16.92,Zona C
6.17,5.26,22.58,155.6,3343.84,13.82,35.73,Zona A
6.64,4.01,22.61,120.4,4599.46,9.8,44.37,Zona A
6.25,4.64,27.65,141.21,2752.54,13.15,33.47,Zona A
4.97,1.17,7.6,54.57,868.93,6.81,20.61,Zona C
6.23,2.32,9.78,82.09,2988.52,7.02,27.62,Zona B
6.72,3.36,18.66,185.03,3614.74,12.63,26.85,Zona A
5.52,1.66,4.78,61.63,1420.31,7.36,15.08,Zona C
5.05,1.13,9.34,65.17,679.07,5.59,14.84,Zona C
7.06,5.21,30.86,128.64,3756.26,10.39,48.22,Zona A
6.48,4.82,32.4,100.93,3667.6,14.53,32.82,Zona A
5.71,2.01,11.88,60.38,1651.98,10.91,29.38,Zona B
6.28,3.47,31.88,156.31,3427.46,11.35,32.11,Zona A
5.02,1.65,0.01,55.39,1014.73,3.36,24.62,Zona C
6.45,4.17,35.43,188.15,2847.31,12.66,35.67,Zona A
6.8,3.56,24.09,150.76,3318.57,10.93,31.15,Zona A
5.7,2.54,10.1,146.58,1942.52,10.11,27.17,Zona B
7.2,3.73,23.55,105.24,2157.67,9.02,32.24,Zona B
5.02,2.46,10.91,124.32,1741.92,8.96,19.62,Zona B
5.34,1.85,4.24,84.61,1025.08,6.69,25.49,Zona C
5.68,3.04,12.43,78.62,1975.42,9.5,31.73,Zona B
5.53,1.27,10.96,68.52,1198.83,5.44,17.02,Zona C
6.51,4.66,25.43,189.12,3741.75,14.79,41.32,Zona A
6.36,4.31,30.29,170.72,2952.26,14.97,36.88,Zona A
5.51,3.04,6.35,86.11,2064.51,8.83,28.93,Zona B
7.04,4.58,26.07,134.6,2550.27,12.9,26.2,Zona A
6.29,4.47,30.29,238.44,3307.73,12.57,35.74,Zona A
6.28,2.62,19.4,89.73,2226.06,9.74,35.75,Zona B
5.93,2.8,16.77,76.57,2062.87,8.76,27.15,Zona B
6.0,2.78,16.26,57.08,2556.64,10.05,20.73,Zona B
4.75,1.95,3.59,42.21,796.84,6.49,22.36,Zona C
7.09,3.59,26.51,166.34,3140.84,11.91,41.44,Zona A
6.3,2.73,14.06,123.23,2660.95,8.46,26.84,Zona B
5.58,2.04,16.55,116.34,2266.18,9.89,22.11,Zona B
5.34,1.86,6.03,79.01,1444.33,5.22,14.51,Zona C
5.77,3.22,17.71,100.11,1864.21,11.01,28.44,Zona B
5.45,1.64,6.23,58.57,1186.63,5.73,18.93,Zona C
6.46,4.31,33.98,157.32,3953.05,10.27,40.62,Zona A
5.22,1.78,6.35,67.62,657.9,4.78,15.14,Zona C
6.2,2.52,18.49,93.79,1190.08,6.99,26.95,Zona B
4.88,1.36,7.89,80.0,1423.8,5.53,19.29,Zona C
6.55,4.45,34.65,147.93,2664.76,11.88,33.62,Zona A
5.73,2.92,10.64,101.46,2013.19,7.91,28.02,Zona B
4.73,2.54,7.83,72.61,916.93,6.84,17.04,Zona C
6.41,2.59,8.23,83.48,1556.15,8.97,18.22,Zona B
5.79,3.04,12.46,105.76,1416.63,5.62,25.16,Zona B
6.51,1.68,5.23,88.89,1721.38,5.07,31.27,Zona B
6.27,4.72,34.89,99.39,3375.71,11.33,37.44,Zona A
6.8,3.4,27.09,157.92,2895.1,11.83,38.18,Zona A
5.07,2.77,9.62,86.03,2010.22,7.19,31.12,Zona B
4.98,1.29,5.14,47.09,1092.18,5.74,17.56,Zona C
6.4,5.2,31.41,183.76,3016.83,15.8,39.11,Zona A
6.12,4.65,30.48,175.38,3118.45,15.67,42.17,Zona A
6.83,4.04,28.09,170.71,3870.44,11.59,40.82,Zona A
5.23,1.16,7.69,47.31,966.75,7.94,17.91,Zona C
6.89,3.76,18.32,179.49,3425.8,11.95,48.84,Zona A
5.16,1.85,5.38,64.96,657.99,5.44,16.87,Zona C
6.94,4.49,29.21,149.34,2046.95,13.82,44.29,Zona A
5.76,1.29,10.36,48.22,786.49,5.86,25.08,Zona C
6.22,3.65,29.99,92.42,3142.6,16.16,41.62,Zona A
4.48,1.86,6.47,48.14,1458.54,5.77,20.95,Zona C
4.91,1.77,1.47,54.06,841.1,7.14,24.44,Zona C
6.76,3.7,24.79,196.94,3621.91,10.62,35.17,Zona A
6.28,4.35,28.13,158.72,2889.26,10.07,35.52,Zona A
5.16,2.47,10.59,83.64,2235.3,8.23,23.36,Zona B
6.07,2.37,17.82,81.53,1729.29,8.91,34.31,Zona B
6.45,5.78,20.74,194.34,3363.63,12.19,38.89,Zona A
5.31,2.91,5.31,130.67,2133.93,7.69,23.89,Zona B
6.43,4.87,23.48,159.64,3665.86,13.69,38.83,Zona A
4.44,2.03,5.33,34.3,1598.02,6.7,13.47,Zona C
5.15,2.06,0.0,79.1,1516.05,5.7,20.17,Zona C
5.95,3.02,15.44,100.35,2367.1,10.54,32.56,Zona B
5.47,1.44,3.44,56.41,1197.96,8.01,19.04,Zona C
5.78,2.64,11.39,113.87,1793.05,8.93,25.71,Zona B
7.19,4.59,27.17,158.63,3234.18,11.52,48.17,Zona A
5.19,3.39,12.79,83.28,1788.66,11.82,14.54,Zona B
5.24,1.6,6.77,55.54,833.14,5.71,22.8,Zona C
6.68,4.05,26.96,133.44,3099.56,11.04,40.59,Zona A
5.65,2.78,8.59,91.84,2186.62,8.05,20.95,Zona B
4.79,2.1,7.09,47.18,1126.81,6.68,17.4,Zona C
5.36,2.76,16.81,115.08,2034.63,9.54,21.86,Zona B
5.01,1.76,6.31,80.86,919.21,6.65,17.66,Zona C
5.57,3.48,13.8,109.11,2015.06,8.45,22.58,Zona B
5.84,2.46,17.06,106.9,2333.36,10.23,21.88,Zona B
7.04,5.25,27.41,198.03,3283.13,10.18,34.99,Zona A
5.37,2.15,7.66,57.61,899.94,3.19,22.09,Zona C
6.03,2.02,19.09,93.94,1739.19,8.29,32.64,Zona B
6.05,2.12,16.35,89.17,1537.69,6.15,24.86,Zona B
4.7,2.37,6.21,56.26,1324.2,3.54,20.73,Zona C
5.76,3.43,16.35,116.67,2225.44,10.95,29.16,Zona B
6.07,3.34,16.68,65.93,2013.14,10.32,26.79,Zona B
4.89,2.36,5.72,58.14,991.84,6.79,14.65,Zona C
6.83,3.68,31.81,183.88,2832.31,15.24,28.72,Zona A
5.9,2.94,11.25,101.11,1882.82,8.23,36.67,Zona B
6.14,2.68,20.66,97.29,2250.81,8.77,25.93,Zona B
5.2,2.25,5.65,87.67,964.63,5.94,13.03,Zona C
6.51,4.48,30.35,153.75,3264.52,12.59,25.23,Zona A
5.43,3.29,10.09,110.79,2734.38,10.53,25.67,Zona B
5.85,2.21,17.83,137.23,1901.61,10.45,29.55,Zona B
6.79,4.03,31.6,160.47,3582.1,12.34,43.01,Zona A
4.5,1.81,7.17,62.18,927.43,8.41,20.73,Zona C
5.58,1.3,6.66,62.96,971.0,6.38,12.07,Zona C
4.97,2.3,6.85,68.72,1282.31,4.59,20.74,Zona C
6.73,3.68,23.77,200.31,2028.1,10.96,45.12,Zona A
5.23,1.4,8.8,70.83,1005.62,7.78,18.2,Zona C
7.04,3.37,19.77,152.3,3272.01,9.24,46.71,Zona A
5.0,1.36,1.31,65.03,1444.54,5.54,16.31,Zona C
5.77,2.23,12.0,111.81,1698.74,9.76,20.39,Zona B
6.12,4.04,27.1,158.01,3278.0,11.47,37.41,Zona A
5.43,2.64,18.58,77.78,1785.93,9.17,28.42,Zona B
4.92,2.27,1.96,66.11,947.25,5.27,23.07,Zona C
5.57,1.39,9.75,49.94,1345.0,6.87,15.87,Zona C
4.81,1.5,3.05,68.31,744.44,5.39,17.06,Zona C
5.46,2.22,3.83,58.51,1128.71,7.26,18.95,Zona C
6.72,3.43,31.98,167.7,3987.31,14.79,38.87,Zona A
6.64,2.09,17.78,122.58,1737.79,8.36,29.3,Zona B
5.12,1.25,9.09,52.95,980.98,6.54,19.86,Zona C
6.62,4.21,28.26,146.6,3838.82,14.82,32.92,Zona A
4.55,1.53,2.12,67.66,1108.26,5.04,17.78,Zona C
6.39,3.88,33.78,169.18,2360.06,11.66,42.68,Zona A
5.37,1.32,8.84,57.94,1023.24,6.44,23.76,Zona C
5.01,1.7,6.83,66.72,1285.03,7.56,18.1,Zona C
6.89,3.87,23.69,105.68,3597.05,13.9,48.0,Zona A
6.0,4.89,33.1,139.74,2997.41,16.17,36.51,Zona A
6.76,4.06,37.57,189.68,3153.54,13.03,37.34,Zona A
5.39,2.6,15.23,88.18,1147.64,10.65,19.88,Zona B
5.52,2.97,12.51,101.64,2371.05,9.76,24.67,Zona B
6.35,2.02,13.79,81.35,1844.02,7.95,40.33,Zona B
6.25,2.72,7.47,77.08,2016.1,9.2,23.67,Zona B
4.38,1.57,5.03,45.91,984.29,7.57,23.22,Zona C
5.89,2.9,12.8,79.81,1492.18,11.25,19.99,Zona B
5.34,2.61,9.39,120.7,985.17,9.46,25.21,Zona B
6.74,3.94,30.72,185.75,3466.32,13.56,46.97,Zona A
4.27,1.55,8.77,29.89,1483.1,4.29,18.69,Zona C
5.97,2.26,13.94,103.79,2418.92,10.96,29.79,Zona B
6.64,4.59,26.06,130.15,3565.13,12.19,36.67,Zona A
6.63,4.6,25.34,132.73,2697.56,13.96,40.4,Zona A
5.88,2.49,15.06,108.78,1113.88,6.62,29.46,Zona B
4.97,1.38,6.74,61.23,1002.88,4.34,19.9,Zona C
5.7,2.12,13.14,113.19,1830.73,8.68,32.33,Zona B
5.19,1.83,7.43,78.29,979.95,4.82,15.06,Zona C
6.18,5.67,33.61,138.35,2811.75,11.49,47.54,Zona A
6.7,4.55,35.81,139.76,3096.32,12.05,33.1,Zona A
6.75,4.76,36.4,179.46,2896.17,14.03,26.55,Zona A
6.76,4.32,27.91,156.64,2736.78,12.04,31.08,Zona A
5.74,3.22,9.74,74.6,2157.84,7.65,23.46,Zona B
6.37,3.65,17.69,108.56,2056.21,11.09,26.14,Zona B
4.48,1.7,6.74,65.2,876.81,6.35,18.22,Zona C
6.53,3.07,31.89,150.29,3524.7,13.19,30.29,Zona A
4.83,1.55,5.21,51.18,1385.89,5.45,20.38,Zona C
6.51,3.94,35.04,139.92,3593.48,13.01,39.23,Zona A
6.05,2.97,9.12,113.12,1647.23,8.14,20.44,Zona B
6.13,1.62,5.46,55.41,1452.67,4.78,15.9,Zona C
5.21,1.24,4.78,60.09,1016.21,5.73,14.62,Zona C
5.17,2.31,5.03,72.7,723.54,6.07,15.9,Zona C
6.58,3.99,28.63,150.21,3056.07,13.47,30.1,Zona A
6.58,4.06,29.85,115.67,2787.71,15.17,35.13,Zona A
7.26,3.89,21.12,187.0,3446.2,11.45,42.44,Zona A
4.85,1.35,5.37,40.74,985.47,5.99,23.47,Zona C
6.5,3.23,14.67,77.75,2452.22,6.55,29.89,Zona B
6.14,2.64,17.8,83.71,1818.68,6.68,25.54,Zona B
5.05,1.87,15.43,107.19,2139.32,7.04,28.42,Zona B
6.63,4.24,27.57,133.2,3347.04,15.23,27.09,Zona A
4.94,1.13,1.61,62.85,1056.61,7.04,20.82,Zona C
6.34,3.52,36.35,159.4,3039.15,12.46,41.13,Zona A
6.38,3.12,9.94,113.31,1656.98,10.65,22.51,Zona B
4.62,2.2,4.96,49.42,1096.99,6.97,22.29,Zona C
6.03,2.57,16.92,78.1,1962.56,7.44,31.88,Zona B
6.7,4.14,24.14,114.97,3657.95,14.23,34.7,Zona A
6.88,3.39,33.0,176.95,3880.02,15.83,39.79,Zona A
6.41,3.99,30.08,146.77,3616.8,12.58,42.16,Zona A
5.96,3.15,11.17,109.96,2636.61,10.69,35.36,Zona B
6.62,5.12,30.53,138.84,3208.83,13.83,37.77,Zona A
6.35,4.76,23.99,207.53,3673.38,13.33,40.03,Zona A
4.56,1.11,4.67,61.52,1606.7,6.66,14.0,Zona C
6.95,5.15,22.36,132.74,2708.73,15.24,37.99,Zona A
5.84,1.48,8.47,68.0,1234.2,7.91,17.93,Zona C
4.77,1.54,2.83,58.0,1019.12,3.75,19.36,Zona C
6.19,4.54,31.56,141.38,3353.02,12.72,35.86,Zona A
5.31,1.83,3.68,45.31,1405.45,4.37,22.17,Zona C
6.31,3.18,16.35,104.61,1613.89,8.34,21.24,Zona B
6.81,3.83,35.18,192.61,2916.83,13.74,33.75,Zona A
6.76,4.03,40.04,186.75,3565.94,13.14,49.61,Zona A
5.12,0.93,3.91,46.52,1142.49,5.84,21.87,Zona C
6.72,4.79,25.67,159.17,3203.18,16.99,41.02,Zona A
7.13,3.58,34.44,178.7,3726.32,14.34,37.54,Zona A
6.89,3.77,34.14,192.42,3911.24,13.83,31.07,Zona A
6.42,4.36,31.68,147.78,3294.35,16.7,34.94,Zona A
5.58,2.56,12.33,62.11,2176.6,12.27,35.46,Zona B
6.23,4.57,29.92,126.35,2586.57,12.76,34.29,Zona A
5.24,1.61,5.39,64.03,1368.63,5.28,20.99,Zona C
5.33,1.76,6.64,61.63,1453.44,6.57,16.08,Zona C
6.27,2.42,18.16,96.01,2291.76,7.65,32.42,Zona B
4.83,2.52,7.64,63.55,1455.99,6.73,19.35,Zona C
6.37,4.85,33.12,173.67,3409.86,14.13,35.5,Zona A
7.17,5.1,31.38,147.38,2634.09,10.78,38.95,Zona A
6.08,2.84,14.18,109.33,1954.18,7.84,23.25,Zona B
6.7,3.98,27.62,136.94,3268.29,12.03,42.66,Zona A
6.41,2.54,15.39,102.8,1566.15,8.78,13.48,Zona B
4.96,1.83,3.55,56.06,1233.22,5.6,18.55,Zona C
4.88,1.1,6.58,58.6,1278.81,7.12,18.75,Zona C
6.3,2.27,17.31,86.24,2440.17,6.29,23.57,Zona B
7.04,2.97,43.35,178.86,2889.62,14.08,36.72,Zona A
6.13,2.95,17.88,80.05,2283.36,8.07,23.66,Zona B
7.07,4.07,20.3,126.09,3288.79,12.91,47.79,Zona A
5.47,2.02,1.3,67.43,991.22,4.71,21.11,Zona C
5.53,2.84,17.68,109.09,1041.3,6.68,25.7,Zona B
5.67,3.34,18.42,82.62,1984.16,8.15,31.47,Zona B
5.07,2.56,10.24,152.53,1984.47,7.62,34.68,Zona B
6.29,3.77,16.74,69.37,1477.27,8.78,36.36,Zona B
7.24,4.82,23.18,180.0,2654.97,16.58,30.32,Zona A
5.09,2.49,9.82,80.99,2357.99,8.72,27.74,Zona B
6.51,4.18,26.23,146.62,2988.48,13.66,42.41,Zona A
6.95,4.18,19.66,106.95,3424.2,14.08,35.25,Zona A
6.28,4.11,37.68,143.91,3502.79,13.36,27.61,Zona A
4.84,1.63,12.75,63.97,861.74,5.16,16.91,Zona C
6.81,3.39,31.8,178.47,3534.89,11.09,46.22,Zona A
5.08,1.05,11.46,70.88,943.24,4.35,19.35,Zona C
5.92,2.52,12.16,112.38,2585.7,9.2,31.39,Zona B
6.81,4.63,33.64,189.69,3890.05,13.57,45.98,Zona A
6.65,3.52,25.25,204.31,3015.82,10.73,38.94,Zona A
6.39,3.44,17.81,110.01,2116.08,7.99,25.81,Zona B
6.68,3.13,24.26,168.08,3052.12,14.61,40.7,Zona A
6.2,4.8,29.35,130.75,3188.49,10.76,32.22,Zona A
5.99,2.21,19.81,99.63,2095.59,10.3,28.09,Zona B
5.07,3.23,11.37,107.76,2302.23,7.46,23.85,Zona B
5.4,1.96,12.46,59.16,1449.19,5.34,16.39,Zona C
6.08,1.82,9.5,82.1,1037.22,8.16,16.83,Zona C
6.66,4.17,25.6,181.56,2855.0,13.52,37.61,Zona A
6.44,4.18,20.82,155.13,3507.5,9.72,35.27,Zona A
6.18,3.06,10.71,87.41,1920.3,6.09,32.05,Zona B
6.07,2.85,8.66,131.83,2408.07,8.31,31.49,Zona B
6.44,3.74,38.37,150.69,1841.22,14.66,26.78,Zona A
5.61,1.5,8.58,67.12,1387.02,6.99,22.27,Zona C
5.07,2.3,5.82,66.36,1254.52,9.04,23.31,Zona C
6.71,3.08,25.19,120.94,3840.24,14.55,39.35,Zona A
5.87,2.5,16.53,115.16,1482.43,9.66,27.9,Zona B
5.56,1.3,11.48,58.19,559.67,5.32,21.78,Zona C
6.67,4.37,27.84,185.81,2958.89,11.49,34.84,Zona A
5.35,3.1,15.52,77.06,2294.62,10.26,25.71,Zona B
5.69,1.78,3.5,111.05,2085.1,13.17,21.4,Zona B
5.64,1.76,7.92,60.79,715.87,6.25,22.66,Zona C
6.44,4.83,24.37,145.19,3178.11,13.82,44.16,Zona A
6.22,2.02,15.16,105.54,1799.07,8.67,30.07,Zona B
6.82,2.56,18.74,90.87,1908.38,7.21,26.59,Zona B
5.21,1.37,6.97,59.77,1053.17,7.27,18.73,Zona C
6.44,4.15,31.39,145.11,3506.92,11.29,20.42,Zona A
6.52,4.89,29.02,153.85,3506.1,13.46,41.99,Zona A
6.85,2.87,25.04,159.11,3057.77,11.0,48.91,Zona A
5.3,2.9,8.91,87.23,1917.78,9.55,32.34,Zona B
6.61,4.44,27.47,159.51,2313.45,14.01,31.57,Zona A
6.21,5.31,30.4,175.54,2973.66,13.58,42.17,Zona A
6.46,4.59,29.11,150.75,2547.66,20.07,29.68,Zona A
5.94,2.41,5.92,145.71,2618.28,7.1,31.81,Zona B
6.6,3.53,17.84,190.43,2476.55,13.63,29.2,Zona A
6.33,4.26,26.08,134.4,3485.94,12.59,35.29,Zona A
4.94,1.93,3.74,61.73,1580.88,5.32,19.4,Zona C
4.3,2.28,8.42,62.3,1052.85,6.29,18.21,Zona C
6.67,4.6,28.02,112.95,3389.44,10.27,36.54,Zona A
4.65,1.73,6.79,61.46,1287.44,6.3,24.59,Zona C
5.82,2.41,17.87,89.97,2112.45,9.11,18.86,Zona B
6.36,2.28,14.63,93.77,1390.03,10.11,33.64,Zona B
6.54,5.45,10.91,141.32,3138.18,13.15,36.0,Zona A
5.79,2.23,4.7,71.66,618.61,4.3,19.16,Zona C
6.95,4.58,21.45,144.43,2895.93,12.68,43.29,Zona A
4.66,1.41,3.31,76.98,1161.82,4.39,19.04,Zona C
5.46,2.25,9.02,80.27,2126.13,10.68,20.25,Zona B
4.95,1.38,8.85,50.52,552.01,6.43,29.01,Zona C
4.97,1.73,11.13,68.81,800.51,6.76,19.48,Zona C
6.62,4.16,29.15,149.27,3499.84,12.89,38.48,Zona A
6.66,3.68,20.65,172.84,3376.59,14.76,35.94,Zona A
6.05,2.67,11.74,98.34,2002.58,7.12,31.32,Zona B
5.14,1.58,4.61,50.95,1219.98,5.81,12.9,Zona C
5.4,1.77,4.7,57.49,955.62,6.96,25.02,Zona C
6.48,3.18,14.46,99.64,2218.08,7.63,32.01,Zona B
5.75,3.53,8.54,103.24,1780.15,7.87,41.68,Zona B
6.86,4.9,20.0,148.13,3407.98,12.56,42.27,Zona A
5.88,1.69,19.17,78.78,1615.33,8.66,26.84,Zona B
6.57,4.41,32.52,106.61,2938.98,14.68,44.53,Zona A
5.93,3.05,10.15,132.43,2007.04,8.61,30.88,Zona B
6.03,3.3,8.92,122.55,2010.3,11.12,31.1,Zona B
4.92,1.84,7.07,40.02,848.2,6.82,18.46,Zona C
5.42,2.94,20.37,110.8,2047.55,10.24,21.78,Zona B
6.14,4.35,30.74,175.95,2694.85,11.68,49.95,Zona A
6.37,3.32,14.96,99.83,1413.94,6.88,24.01,Zona B
5.51,2.68,18.58,130.12,1941.07,10.23,32.45,Zona B
6.54,5.67,28.9,155.49,3533.37,14.08,40.33,Zona A
6.63,4.31,29.61,144.48,3353.27,14.2,39.25,Zona A
5.17,1.83,1.55,47.95,605.25,6.83,23.43,Zona C
6.42,2.99,19.81,102.25,1792.72,8.0,31.13,Zona B
6.21,2.77,9.63,107.2,2146.57,7.66,26.7,Zona B
4.94,1.62,5.28,67.52,1485.64,6.07,20.0,Zona C
6.75,3.69,26.82,162.15,3853.61,12.89,38.86,Zona A
5.84,2.33,11.75,64.02,1677.49,7.25,39.65,Zona B
5.27,1.48,5.94,36.36,673.8,5.65,23.47,Zona C
4.78,2.24,7.85,48.16,940.78,5.13,18.81,Zona C
5.72,2.25,12.37,73.31,1525.41,9.45,28.83,Zona B
6.34,3.86,34.14,155.92,3555.67,13.6,36.9,Zona A
6.46,4.17,29.19,155.16,2856.77,13.99,45.95,Zona A
6.09,4.1,19.92,153.53,2785.16,9.25,41.03,Zona A
7.24,4.54,23.28,162.06,2991.02,12.12,28.63,Zona A
6.11,3.0,13.67,88.56,2023.93,10.62,29.37,Zona B
4.74,2.32,6.02,54.59,1086.81,4.47,22.82,Zona C
5.04,1.23,5.58,61.92,1048.17,5.95,19.06,Zona C
5.84,2.77,12.07,131.16,1941.11,10.92,23.52,Zona B
6.1,2.82,24.2,106.76,1835.43,7.44,23.23,Zona B
6.8,4.11,26.05,188.5,3450.96,14.0,39.88,Zona A
6.3,2.12,13.96,114.46,2352.36,10.21,24.31,Zona B
4.39,1.62,8.37,61.76,1502.57,6.35,27.47,Zona C
6.39,4.31,30.51,183.82,3010.66,11.64,33.73,Zona A
6.56,4.34,25.98,169.04,3458.84,12.46,29.95,Zona A
5.34,1.59,1.74,41.55,993.36,8.79,16.0,Zona C
4.83,1.58,11.64,67.75,1098.13,5.64,26.94,Zona C
6.09,2.51,10.35,90.79,1468.36,7.71,23.48,Zona B
5.24,1.89,9.36,62.78,855.76,4.38,19.17,Zona C
6.17,2.24,18.12,75.95,2071.78,10.45,35.25,Zona B
4.78,1.47,5.53,56.78,1028.8,6.14,23.89,Zona C
5.9,2.66,16.68,85.98,2180.83,10.16,26.02,Zona B
5.14,1.89,4.8,91.03,1283.29,6.23,10.59,Zona C
4.9,2.09,18.3,86.77,1768.46,9.6,26.63,Zona B
6.62,3.8,27.85,154.34,3812.3,13.66,35.53,Zona A
6.59,3.7,24.72,194.81,3033.83,11.71,38.47,Zona A
5.18,1.62,8.64,78.82,1419.61,6.34,17.44,Zona C
6.35,4.17,28.96,156.79,3514.47,13.53,42.24,Zona A
5.99,5.33,32.89,172.42,2741.15,12.18,46.08,Zona A
7.01,3.81,28.09,164.87,2578.53,16.58,31.64,Zona A
6.53,4.29,29.67,164.76,3170.24,14.59,34.85,Zona A
5.99,2.77,19.3,90.58,1969.65,8.85,33.7,Zona B
4.49,1.4,5.0,80.93,819.78,6.65,19.0,Zona C
5.11,2.66,7.08,67.02,775.42,4.78,22.41,Zona C
4.88,1.74,3.84,71.44,1361.37,6.78,17.28,Zona C
6.5,4.4,28.31,182.6,2687.53,13.1,40.52,Zona A
5.57,1.38,5.22,52.8,1176.29,5.52,15.61,Zona C
5.52,1.27,8.37,51.35,1330.74,5.55,17.24,Zona C
5.67,3.35,16.04,118.53,1860.04,6.85,31.99,Zona B
5.07,2.4,16.85,97.69,2403.43,10.5,30.85,Zona B
6.67,3.54,20.06,151.17,3303.82,14.86,35.75,Zona A
5.49,0.97,8.58,74.25,834.24,4.58,20.78,Zona C
5.84,1.37,9.02,79.06,1281.79,5.15,19.35,Zona C
6.42,3.1,13.32,116.39,2033.12,8.53,30.44,Zona B
6.75,3.12,14.84,82.12,2665.09,11.32,25.56,Zona B
5.57,2.32,16.31,113.87,1788.65,11.8,20.0,Zona B
4.9,1.14,5.19,61.96,1792.09,5.85,17.26,Zona C
6.28,4.73,17.44,172.9,3179.56,13.17,41.99,Zona A
5.38,2.68,16.62,92.37,2271.29,9.9,34.01,Zona B
5.26,2.12,13.77,94.37,1916.62,6.84,22.47,Zona B
6.58,2.31,11.64,100.16,2223.16,9.3,23.19,Zona B
6.2,3.44,17.35,108.16,2104.46,9.05,23.19,Zona B
4.76,1.79,3.59,54.49,1562.03,6.15,16.21,Zona C
4.99,1.96,9.84,77.75,1494.04,6.84,19.37,Zona C
6.13,3.05,12.94,128.33,1431.06,8.64,26.56,Zona B
6.59,4.27,42.42,167.47,3097.13,11.68,36.83,Zona A
5.61,1.88,16.08,98.16,2118.43,8.68,18.45,Zona B
5.54,1.97,8.85,52.58,1501.42,4.31,13.77,Zona C
5.82,3.14,17.48,90.3,1917.24,10.98,29.21,Zona B
6.83,4.33,34.3,188.71,3114.04,15.62,47.93,Zona A
5.9,3.06,12.74,102.47,2353.6,8.76,20.65,Zona B
6.01,2.61,2.34,100.9,2247.46,7.28,25.03,Zona B
6.37,5.41,22.69,149.73,3756.12,15.21,38.79,Zona A
6.47,3.82,23.59,163.08,2973.12,12.07,39.39,Zona A
6.05,2.69,22.62,99.8,1717.97,9.67,36.08,Zona B
6.06,3.15,16.17,88.97,2154.61,8.51,29.4,Zona B
5.88,3.41,10.62,119.52,1609.81,8.42,22.66,Zona B
6.03,2.54,14.76,124.54,1770.0,8.63,32.47,Zona B
6.46,4.55,31.91,135.04,3200.09,10.52,44.95,Zona A
4.07,1.75,5.78,34.62,931.9,6.99,15.01,Zona C
5.71,2.32,16.73,118.39,2107.24,7.64,31.81,Zona B
6.28,1.61,8.64,146.3,1433.77,9.54,29.76,Zona B
5.6,2.26,14.08,112.58,1707.37,7.38,21.16,Zona B
5.04,2.53,8.66,69.61,1516.29,6.77,19.54,Zona C
6.53,3.81,32.19,155.75,2347.87,11.05,41.34,Zona A
5.02,1.74,7.79,56.84,614.38,4.77,19.44,Zona C
4.92,1.43,4.8,46.16,1311.71,6.6,15.09,Zona C
6.29,4.14,22.48,119.95,2718.03,11.86,45.04,Zona A
5.59,1.59,7.78,71.32,1317.93,5.58,18.4,Zona C
5.13,1.12,5.41,58.26,856.96,8.43,18.65,Zona C
6.57,4.14,20.22,151.42,3510.37,12.66,47.53,Zona A
5.35,2.0,5.57,82.74,1224.67,6.21,16.61,Zona C
5.82,1.69,8.84,48.16,811.34,6.9,14.69,Zona C
6.05,3.05,10.96,85.57,2505.54,8.33,18.15,Zona B
5.52,1.56,5.57,67.11,1105.31,4.53,14.49,Zona C
6.59,3.94,31.22,114.92,4098.05,12.83,44.6,Zona A
5.58,1.36,4.82,55.89,1376.25,6.75,16.36,Zona C
6.84,4.32,31.35,182.42,3423.98,12.42,31.91,Zona A
6.69,4.62,22.92,224.74,2460.57,14.62,32.62,Zona A
5.39,2.58,11.0,103.62,1657.03,11.56,27.79,Zona B
6.7,4.25,24.25,157.5,3571.29,10.15,29.77,Zona A
5.9,1.56,4.55,58.17,793.9,6.79,19.01,Zona C
6.1,3.73,14.84,92.28,1227.1,6.86,22.96,Zona B
5.33,2.9,16.48,121.48,2287.19,8.57,27.55,Zona B
4.95,1.27,5.6,48.26,1327.74,6.49,19.49,Zona C
6.52,4.28,35.18,174.84,3682.84,9.56,37.45,Zona A
5.46,3.44,13.68,106.87,2000.26,8.53,26.74,Zona B
5.57,2.43,16.49,90.47,2394.88,7.69,28.69,Zona B
6.97,3.71,24.06,152.61,3231.2,13.52,35.57,Zona A
5.55,2.1,18.23,113.2,2254.98,9.67,31.41,Zona B
6.63,3.89,28.34,156.72,3397.78,12.5,39.18,Zona A
6.18,4.65,30.54,206.35,2642.33,11.47,41.31,Zona A
6.14,2.56,9.85,118.73,1802.53,8.91,27.08,Zona B
6.23,4.23,37.44,120.13,4441.85,12.47,40.68,Zona A
6.57,2.36,9.89,109.62,1946.81,8.45,29.11,Zona B
6.1,3.25,17.19,103.92,2012.03,9.93,26.94,Zona B
4.94,2.34,1.03,65.22,1107.77,5.48,21.47,Zona C
6.56,4.65,37.01,131.83,3573.38,10.97,38.76,Zona A
6.64,3.48,20.65,100.61,2438.3,7.29,28.29,Zona B
5.58,2.69,12.79,87.64,1876.21,6.46,30.48,Zona B
6.01,2.75,11.34,70.71,1818.47,7.49,37.32,Zona B
4.85,2.09,2.24,71.14,1200.16,6.69,22.54,Zona C
6.5,3.76,20.66,165.96,3246.96,12.47,42.63,Zona A
5.32,1.9,3.63,71.53,896.4,8.88,8.11,Zona C
6.09,2.41,25.02,129.14,1951.67,8.11,30.42,Zona B
6.86,4.22,35.58,170.8,2336.15,17.34,28.41,Zona A
6.69,5.74,37.85,168.46,2632.93,11.82,31.77,Zona A
6.66,3.72,9.88,111.87,2736.85,7.1,28.16,Zona B
5.46,1.96,14.6,120.92,1657.49,10.1,18.37,Zona B
5.52,2.25,19.05,87.69,1965.87,7.83,16.75,Zona B
5.56,2.98,16.66,64.81,1477.09,7.88,27.72,Zona B
6.26,3.33,14.06,105.21,1650.63,8.25,33.44,Zona B
4.99,1.34,8.08,43.78,855.52,5.0,18.84,Zona C
6.69,3.61,25.1,175.77,2298.26,9.01,21.01,Zona A
6.43,4.12,23.47,192.03,3701.44,14.26,45.91,Zona A
6.08,2.38,14.95,99.64,2058.33,11.25,21.34,Zona B
6.45,2.2,9.21,135.28,1650.55,10.04,20.42,Zona B
5.32,2.15,4.59,77.92,1076.43,5.13,22.8,Zona C
6.47,3.98,28.63,174.67,2480.84,11.17,35.54,Zona A
5.57,0.97,6.87,52.61,1299.09,5.71,13.82,Zona C
5.11,2.51,13.54,93.18,1650.59,10.44,31.73,Zona B
4.7,1.99,3.24,57.26,1164.73,5.72,15.62,Zona C
4.84,1.83,3.36,66.49,1519.3,6.17,22.98,Zona C
5.59,2.65,12.62,81.46,1555.17,12.51,22.95,Zona B
6.79,4.63,29.08,170.09,3114.48,14.22,43.87,Zona A
6.43,3.89,33.95,158.48,2750.87,17.85,32.37,Zona A
6.29,5.28,40.37,159.34,3074.47,13.46,42.89,Zona A
4.71,1.75,8.16,63.75,1067.58,5.84,16.39,Zona C
5.74,1.75,9.57,75.23,981.15,7.26,13.59,Zona C
5.2,1.91,3.53,57.13,682.21,5.4,18.26,Zona C
6.07,3.15,15.38,136.76,2219.29,9.29,27.72,Zona B
4.37,1.47,5.09,39.33,1281.21,5.54,17.59,Zona C
6.77,3.93,27.27,188.1,3096.11,15.27,43.87,Zona A
6.74,4.19,41.51,192.94,3057.03,14.6,38.66,Zona A
5.2,2.28,8.5,70.87,717.56,5.04,21.26,Zona C
6.3,4.5,24.09,197.84,3080.97,13.15,28.88,Zona A
4.62,1.44,4.45,64.92,700.6,5.41,22.95,Zona C
6.17,3.15,13.6,62.66,2712.56,9.0,19.1,Zona B
5.96,2.48,14.98,96.69,2482.46,9.14,26.44,Zona B
5.08,1.19,4.92,97.89,977.11,6.0,16.35,Zona C
5.12,1.97,8.44,73.55,1266.47,5.51,26.18,Zona C
5.22,1.52,3.94,65.82,984.04,4.69,23.53,Zona C
5.97,3.13,16.01,96.34,2718.84,9.19,27.49,Zona B
5.51,2.01,5.9,68.21,1438.95,7.7,19.77,Zona C
6.23,4.57,33.74,179.0,2758.48,11.12,43.26,Zona A
5.98,2.86,6.2,113.66,1909.64,7.3,34.86,Zona B
6.93,4.09,27.22,187.15,3794.59,13.01,32.07,Zona A
6.25,3.22,28.23,207.11,4010.23,13.76,39.14,Zona A
6.19,4.63,37.64,171.69,3571.72,12.59,30.34,Zona A
5.37,2.56,6.06,55.71,1113.09,4.76,29.53,Zona C
6.8,3.73,41.26,205.95,3653.38,12.13,37.77,Zona A
6.01,3.97,19.21,146.68,2970.97,14.65,39.02,Zona A
5.31,2.77,14.39,107.63,1658.26,10.51,26.1,Zona B
4.91,1.89,7.97,83.12,728.89,5.85,19.48,Zona C
6.43,3.34,30.67,188.34,3105.81,13.49,36.69,Zona A
5.07,1.61,3.84,73.89,984.32,7.0,19.55,Zona C
4.67,1.44,4.35,52.09,635.43,7.01,17.01,Zona C
6.01,2.44,10.2,103.85,1825.81,10.75,22.37,Zona B
5.3,1.47,8.02,66.8,1000.06,4.67,18.31,Zona C
6.08,2.8,2.67,88.14,2081.06,10.43,26.79,Zona B
5.37,1.59,5.84,81.16,1533.51,7.58,24.09,Zona C
4.71,1.58,5.45,66.28,874.96,6.71,23.75,Zona C
4.8,2.0,7.09,60.82,1449.46,7.57,21.01,Zona C
5.22,1.71,4.98,70.57,898.37,5.42,16.77,Zona C
5.32,1.59,7.28,58.16,1074.0,3.71,16.36,Zona C
5.34,2.59,16.03,96.24,2103.33,8.67,22.26,Zona B
6.31,3.86,13.0,192.93,2699.84,10.88,34.36,Zona A
5.86,2.22,13.22,88.68,1956.9,7.23,27.47,Zona B
4.38,1.5,7.39,46.55,672.69,3.74,13.89,Zona C
6.01,2.75,13.26,78.43,2094.01,8.99,36.17,Zona B
4.5,2.06,2.31,55.5,1473.89,1.29,17.53,Zona C
6.0,3.82,15.73,59.51,2133.27,9.1,23.33,Zona B
5.56,1.55,14.63,115.77,2142.12,9.5,32.82,Zona B
6.4,4.04,24.17,164.86,3209.4,13.92,20.56,Zona A
4.43,1.34,0.0,56.39,1182.76,7.67,16.74,Zona C
5.69,3.12,13.72,97.45,1950.38,7.74,34.12,Zona B
5.28,1.53,5.69,45.99,967.15,4.31,17.1,Zona C
5.06,2.04,2.69,76.11,998.47,6.47,21.4,Zona C
6.36,5.01,27.16,140.02,3706.45,10.86,44.42,Zona A
5.62,3.23,18.09,99.69,1774.48,8.53,34.16,Zona B
4.62,1.78,6.14,66.2,1156.32,6.63,21.06,Zona C
4.51,1.7,4.84,62.22,1002.21,6.08,15.7,Zona C
6.78,4.35,29.56,139.33,3063.32,13.7,33.3,Zona A
6.7,4.88,15.08,168.14,3947.66,15.73,35.78,Zona A
6.61,4.97,32.31,169.24,3077.76,13.59,37.41,Zona A
4.73,2.24,3.25,56.61,1294.45,6.3,15.04,Zona C
6.75,5.25,24.02,207.5,3360.03,13.04,42.98,Zona A
4.78,1.52,6.23,53.91,1196.05,5.35,19.87,Zona C
4.93,1.38,7.05,56.6,1270.41,6.22,21.8,Zona C
6.46,4.23,34.3,162.21,3496.66,10.57,44.5,Zona A
4.99,1.23,5.06,54.81,1046.52,6.25,22.29,Zona C
4.78,1.54,2.67,56.55,1211.24,4.5,15.13,Zona C
5.64,1.09,6.26,55.19,1074.47,5.62,19.56,Zona C
6.3,3.45,29.44,137.36,3169.77,13.84,37.23,Zona A
6.91,4.83,30.24,114.23,3194.56,12.73,44.35,Zona A
6.46,2.35,7.25,104.31,1450.1,9.18,23.4,Zona B
4.73,2.36,4.4,65.85,1155.05,3.51,18.38,Zona C
6.02,2.88,17.98,89.44,1158.72,12.09,27.93,Zona B
4.69,1.76,3.74,56.4,946.89,5.72,16.99,Zona C
5.92,2.9,17.09,98.75,2166.83,9.32,26.8,Zona B
6.67,4.5,19.09,134.31,3693.72,11.02,47.77,Zona A
5.48,1.74,6.38,67.55,1207.09,6.23,18.63,Zona C
5.63,5.74,31.23,161.89,3756.1,14.61,32.57,Zona A
6.68,5.31,22.05,174.49,3120.87,11.37,43.05,Zona A
6.15,4.7,27.2,176.4,2846.31,10.54,38.31,Zona A
5.7,3.11,17.26,89.67,2275.24,8.27,21.5,Zona B
4.98,1.8,10.96,57.3,726.97,4.57,21.28,Zona C
5.47,1.83,5.63,49.44,1091.26,6.26,19.01,Zona C
5.69,2.43,19.57,113.12,1659.53,11.07,26.92,Zona B
5.43,2.85,8.84,86.12,2413.35,11.03,26.66,Zona B
7.11,4.07,18.85,143.96,3211.42,10.97,32.45,Zona A
5.21,1.22,5.86,62.49,1265.09,4.97,21.0,Zona C
5.01,0.89,9.16,78.84,1111.14,6.47,22.64,Zona C
6.23,2.58,21.42,155.32,2479.59,12.33,33.75,Zona A
6.6,4.22,35.11,189.33,2953.99,11.97,39.17,Zona A
5.67,3.43,15.31,117.57,2185.81,6.74,22.01,Zona B
5.68,1.67,0.09,50.81,1551.35,4.49,23.18,Zona C
6.79,2.84,10.79,79.66,1764.97,6.65,28.5,Zona B
6.66,4.63,22.9,176.13,2643.05,11.1,44.14,Zona A
6.74,4.06,22.11,148.38,2559.22,13.84,30.82,Zona A
4.17,2.52,10.16,57.35,980.01,5.97,18.4,Zona C
5.1,2.35,8.3,58.34,726.43,5.1,24.1,Zona C
5.36,2.7,16.75,80.67,2314.53,9.8,23.06,Zona B
6.66,3.3,28.75,171.31,3309.78,11.83,34.38,Zona A
6.03,2.91,12.97,90.31,1568.41,8.46,23.17,Zona B
6.56,2.94,17.55,108.11,2568.14,5.96,33.55,Zona B
6.65,3.45,31.31,143.06,3208.62,10.64,26.7,Zona A
5.54,2.9,15.9,130.32,1474.83,8.81,26.05,Zona B
6.48,4.57,26.15,142.69,3408.17,13.86,41.32,Zona A
6.85,3.43,33.03,176.78,2836.28,11.33,40.03,Zona A
5.46,1.52,8.19,65.66,1377.73,6.14,15.22,Zona C
6.12,4.42,21.72,177.42,2875.22,12.92,40.95,Zona A
7.02,5.33,31.83,182.98,3191.33,13.15,40.95,Zona A
5.62,1.68,2.1,64.91,639.27,7.19,12.97,Zona C
6.92,3.78,28.73,175.87,3523.89,16.62,39.33,Zona A
5.74,2.48,14.37,91.04,1852.99,9.13,21.12,Zona B
6.46,4.31,28.2,184.38,2795.55,13.43,40.65,Zona A
4.7,1.2,4.5,46.95,1173.04,3.94,19.05,Zona C
4.44,2.01,4.43,66.78,1002.65,7.27,23.62,Zona C
5.33,1.89,2.2,58.35,1243.89,7.82,13.37,Zona C
6.37,4.61,32.45,159.34,3214.76,8.05,44.64,Zona A
4.94,1.5,10.52,63.18,1124.19,5.03,23.15,Zona C
5.75,3.0,18.73,90.29,1516.44,5.88,27.11,Zona B
6.62,4.17,40.87,149.11,3088.84,13.22,42.33,Zona A
5.83,3.62,14.51,109.66,1804.16,8.93,35.98,Zona B
6.56,5.35,33.55,146.22,3134.97,14.74,32.84,Zona A
6.62,4.37,33.22,182.08,3218.41,12.64,36.19,Zona A
6.27,1.3,14.51,84.76,1963.26,8.55,21.35,Zona B
4.6,2.24,5.8,62.12,892.48,4.98,23.11,Zona C
5.57,2.55,19.01,102.0,2008.88,10.46,32.86,Zona B
5.54,1.34,8.1,60.98,850.68,6.0,12.33,Zona C
4.88,1.38,11.53,54.91,1184.12,6.4,13.43,Zona C
5.51,1.92,7.93,35.98,1142.06,5.23,15.56,Zona C
6.59,4.72,35.04,150.21,3821.65,12.16,34.32,Zona A
4.87,1.26,3.73,75.3,1051.73,5.91,14.23,Zona C
5.07,1.32,8.8,54.03,891.03,6.93,21.74,Zona C
6.02,1.88,12.11,100.29,1482.51,6.7,13.46,Zona B
4.96,2.85,6.62,38.78,952.52,5.62,20.32,Zona C
5.33,2.63,6.57,63.53,826.03,5.41,17.95,Zona C
5.35,2.0,8.86,52.73,1022.57,5.02,16.87,Zona C
6.51,4.73,26.17,142.02,2922.24,13.66,32.11,Zona A
6.21,2.54,7.53,113.44,2506.73,6.78,32.53,Zona B
5.92,2.24,13.85,101.12,2664.56,8.01,25.55,Zona B
5.79,1.74,8.02,74.2,889.18,4.67,23.17,Zona C
6.04,3.45,9.97,93.28,2240.05,9.19,36.56,Zona B
6.21,3.7,11.07,99.74,2333.37,11.25,34.28,Zona B
5.81,3.34,15.55,107.07,2052.99,11.8,25.03,Zona B
5.46,1.87,2.44,49.6,1307.54,6.19,19.06,Zona C
4.43,1.99,14.44,36.54,1432.45,5.18,22.2,Zona C
5.09,2.35,0.59,58.33,1089.85,5.06,15.04,Zona C
5.35,1.72,6.29,52.13,1154.77,5.45,19.2,Zona C
4.82,1.68,9.11,55.36,848.67,6.54,19.4,Zona C
5.77,2.04,8.94,96.96,1962.83,10.02,34.0,Zona B
5.45,1.48,20.47,102.22,1389.97,8.67,35.99,Zona B
5.41,1.79,5.72,62.85,469.79,7.18,13.74,Zona C
6.16,3.53,9.98,112.77,2026.45,9.11,26.46,Zona B
5.74,2.55,11.69,91.97,1880.36,8.54,28.34,Zona B
5.64,1.8,21.28,118.67,2067.68,7.66,21.96,Zona B
5.22,1.68,7.04,50.77,1205.13,6.6,24.25,Zona C
5.41,2.74,8.09,72.19,1038.27,7.12,17.29,Zona C
4.77,2.32,6.35,69.97,1183.49,5.07,21.48,Zona C
5.67,2.46,18.72,140.99,1700.28,8.52,32.6,Zona B
5.34,1.61,3.52,73.96,1387.92,5.6,13.24,Zona C
6.03,2.9,9.84,108.98,2591.22,10.43,28.4,Zona B
5.36,1.95,6.27,59.59,847.89,5.72,17.66,Zona C
6.47,3.05,10.53,114.75,1993.74,6.46,24.47,Zona B
4.99,2.17,10.08,64.07,901.07,5.83,14.08,Zona C
6.37,4.2,29.35,183.83,2952.7,10.02,31.94,Zona A
6.16,3.89,27.52,134.76,3165.91,8.96,45.68,Zona A
5.82,2.09,0.04,57.2,1147.16,7.24,25.18,Zona C
6.38,2.96,14.88,75.86,2261.44,12.58,34.36,Zona B
5.05,2.29,0.46,59.23,866.72,6.18,22.05,Zona C
6.03,2.51,14.01,113.52,2007.15,11.0,19.16,Zona B
5.81,3.4,8.6,83.3,1372.13,10.02,28.28,Zona B
6.13,3.21,9.12,102.91,2250.42,8.99,44.65,Zona B
4.3,1.41,5.79,63.98,1293.51,4.45,21.47,Zona C
6.75,3.43,23.79,176.81,3867.85,13.26,33.36,Zona A
6.2,4.84,40.08,149.09,2526.56,14.38,37.56,Zona A
5.9,3.4,13.4,123.81,1900.31,7.21,26.0,Zona B
5.34,1.93,26.31,77.64,1777.56,8.61,29.05,Zona B
7.01,4.29,22.17,199.97,2748.22,16.1,46.93,Zona A
5.51,2.95,9.27,119.66,2219.25,9.11,37.68,Zona B
5.26,1.46,2.59,56.69,583.78,8.28,22.84,Zona C
4.94,1.64,5.97,78.24,1083.65,4.6,16.42,Zona C
4.7,1.11,1.94,72.12,1173.81,6.21,12.18,Zona C
5.5,2.99,13.1,118.61,1008.44,8.98,22.73,Zona B
5.83,3.58,19.77,99.28,2363.51,9.72,20.87,Zona B
5.61,3.39,12.73,99.34,1715.61,8.43,32.58,Zona B
6.13,3.06,1.32,80.68,1574.82,8.51,32.99,Zona B
6.39,2.51,11.2,106.62,2016.74,11.93,26.74,Zona B
6.6,3.93,33.5,160.52,2500.81,15.16,37.22,Zona A
5.54,2.15,12.95,95.37,2412.01,6.08,22.68,Zona B
6.28,3.38,19.47,120.73,2615.19,12.25,42.09,Zona A
5.92,2.81,7.67,67.68,2057.89,7.59,29.19,Zona B
4.77,1.71,7.69,64.94,969.84,5.33,14.53,Zona C
5.01,2.23,6.2,55.77,1054.11,4.23,18.11,Zona C
5.97,2.56,13.43,68.07,2141.15,8.3,21.63,Zona B
5.87,2.98,1.29,101.42,2244.29,9.09,26.18,Zona B
6.71,3.89,28.75,168.77,4011.96,13.7,39.11,Zona A
6.32,3.59,26.54,151.63,3040.68,16.06,38.25,Zona A
5.24,2.47,3.06,51.09,817.84,6.09,21.55,Zona C
6.82,4.7,38.1,159.31,2887.38,11.72,41.66,Zona A
4.8,1.6,4.15,75.46,916.31,7.43,20.83,Zona C
6.38,4.32,24.66,154.41,2891.92,15.22,35.49,Zona A
7.26,4.19,24.37,117.91,3013.94,13.53,41.04,Zona A
6.68,4.16,21.38,167.98,2931.12,12.18,34.23,Zona A
6.95,3.93,37.17,155.8,3375.81,13.18,30.24,Zona A
6.75,4.5,23.93,160.16,2781.72,9.16,33.18,Zona A
6.82,2.74,16.18,74.94,1736.15,8.76,34.35,Zona B
5.29,1.43,7.98,69.56,1267.75,5.59,20.13,Zona C
5.15,1.28,1.04,82.37,1608.88,6.49,15.13,Zona C
5.99,2.75,13.86,96.2,2548.86,8.44,22.32,Zona B
4.79,1.67,4.74,66.75,1348.85,6.23,17.17,Zona C
4.94,2.02,6.96,49.83,1433.89,6.14,21.15,Zona C
6.1,3.88,12.05,98.96,1738.92,9.37,25.26,Zona B
6.84,4.92,25.83,178.42,3319.41,11.39,28.91,Zona A
6.08,3.85,38.42,157.93,3573.26,12.77,34.5,Zona A
5.21,1.91,0.0,46.51,1076.21,5.52,13.32,Zona C
5.18,1.85,3.8,31.75,1214.09,6.56,13.54,Zona C
6.62,4.05,24.61,189.72,2978.09,13.13,40.98,Zona A
6.36,4.91,38.96,139.85,3317.13,12.66,33.63,Zona A
6.58,3.98,26.65,165.03,3080.01,10.24,43.36,Zona A
6.23,2.65,15.54,107.51,1508.31,9.46,35.34,Zona B
6.37,4.27,23.96,168.3,3003.48,14.13,28.06,Zona A
5.74,2.58,12.4,108.22,1122.7,11.2,24.73,Zona B
5.38,0.84,5.79,60.2,1016.05,4.07,16.37,Zona C
5.29,2.95,11.27,110.96,1713.91,10.36,25.5,Zona B
6.5,3.6,26.19,162.71,3222.4,15.93,37.11,Zona A
5.86,1.9,14.45,78.42,1333.27,11.06,31.3,Zona B
6.39,4.83,27.41,141.2,3435.13,11.47,31.55,Zona A
5.09,2.41,4.17,48.87,674.84,8.22,14.71,Zona C
4.85,1.94,6.95,43.47,633.32,7.9,21.28,Zona C
6.36,4.87,17.44,194.36,3869.26,16.15,50.32,Zona A
4.92,1.83,7.34,74.01,1410.71,3.6,13.05,Zona C
5.18,3.3,13.01,95.31,2239.46,10.07,27.89,Zona B
6.64,5.29,35.42,173.79,3163.31,12.65,41.88,Zona A
5.91,3.64,13.8,77.04,2060.01,9.57,25.51,Zona B
6.77,4.83,25.42,172.23,3114.09,14.96,40.55,Zona A
6.84,3.87,41.75,157.05,3310.93,11.39,40.74,Zona A
4.97,2.8,14.08,117.24,1981.62,8.05,35.92,Zona B
6.42,3.96,31.22,151.65,3279.57,12.24,41.42,Zona A
5.53,2.31,16.67,102.69,2020.43,12.44,15.9,Zona B
5.56,1.86,6.7,51.79,1348.6,8.45,14.4,Zona C
5.92,2.48,11.72,96.31,2241.53,8.59,30.54,Zona B
5.24,1.92,6.65,63.38,998.84,6.96,16.89,Zona C
4.53,1.07,4.59,62.42,1502.02,8.38,21.42,Zona C
5.24,1.38,5.66,47.34,1273.67,5.02,24.91,Zona C
5.13,1.93,8.52,50.16,873.17,7.16,19.71,Zona C
5.32,1.82,3.11,67.36,852.34,7.03,15.57,Zona C
6.32,4.56,28.24,153.97,3412.58,14.88,33.94,Zona A
6.85,3.81,25.1,148.35,3677.09,12.25,38.35,Zona A
6.09,2.75,17.13,114.1,1544.0,9.13,31.11,Zona B
6.1,2.56,16.63,86.78,1920.51,10.71,20.88,Zona B
5.71,1.83,4.56,49.04,1107.91,5.35,14.31,Zona C
5.55,1.77,6.99,56.37,1070.09,7.5,9.04,Zona C
6.89,3.91,27.78,86.97,3335.21,12.18,42.56,Zona A
4.91,1.44,4.91,40.11,1134.83,4.71,14.03,Zona C
6.18,2.32,9.52,113.19,2378.53,7.07,21.37,Zona B
6.28,2.3,17.17,113.39,2011.02,9.27,26.89,Zona B
4.92,1.99,6.59,43.61,1192.32,5.63,26.06,Zona C
5.17,2.5,13.9,73.53,2158.22,10.37,31.36,Zona B
6.57,3.43,26.78,155.78,3462.99,13.83,55.21,Zona A
6.03,3.66,23.86,113.34,2777.04,12.54,29.62,Zona A
6.61,3.31,20.13,137.72,3389.71,14.47,40.5,Zona A
5.57,2.05,13.14,118.52,1934.13,8.12,20.55,Zona B
7.16,3.98,37.37,170.6,2784.1,15.5,38.47,Zona A
4.73,1.57,6.94,70.77,922.5,6.45,25.3,Zona C
6.85,4.05,36.31,135.02,2835.11,14.53,35.66,Zona A
5.65,3.27,10.77,81.03,2125.42,7.61,23.82,Zona B
7.04,3.2,31.14,190.53,3226.97,13.32,45.2,Zona A
6.0,2.99,8.43,97.76,1787.35,9.1,29.76,Zona B
4.97,2.13,8.32,69.36,1026.24,6.5,19.31,Zona C
5.69,2.22,9.25,95.41,1958.13,6.96,23.25,Zona B
5.13,1.01,3.33,62.25,618.51,6.08,18.5,Zona C
5.02,2.32,10.41,93.97,1781.42,8.45,26.03,Zona B
4.89,1.45,4.12,65.52,1195.31,4.72,13.93,Zona C
6.89,3.97,10.82,93.36,2439.3,9.63,24.42,Zona B
5.8,2.13,18.24,95.0,2210.9,10.49,36.03,Zona B
6.15,4.47,22.19,153.53,3464.85,14.1,48.98,Zona A
5.98,3.06,8.5,129.46,1776.49,9.92,27.12,Zona B
5.81,3.09,12.12,116.66,2214.48,8.46,22.88,Zona B
6.39,2.81,9.25,128.77,2047.45,8.91,34.76,Zona B
4.83,1.69,4.68,40.57,1064.58,4.16,20.09,Zona C
7.09,3.93,23.29,159.53,3336.72,14.64,33.7,Zona A
5.34,2.91,17.48,70.62,1221.75,12.22,27.76,Zona B
5.97,3.9,9.66,71.94,2070.8,9.96,29.59,Zona B
7.24,3.61,16.04,143.65,2546.97,12.16,41.83,Zona A
6.53,4.53,24.56,174.55,3324.82,18.37,35.22,Zona A
4.49,1.67,2.62,43.8,1046.94,7.4,25.49,Zona C
6.24,4.47,32.04,165.58,3412.4,11.01,30.97,Zona A
5.12,2.1,6.13,70.46,1057.21,5.06,16.48,Zona C
6.66,3.76,41.92,144.71,3505.72,12.54,45.02,Zona A
5.66,2.94,8.44,125.19,2300.35,7.49,18.23,Zona B
5.3,1.97,6.6,66.8,1400.56,5.92,15.14,Zona C
6.65,5.31,29.8,167.0,2858.68,12.1,34.62,Zona A
6.11,2.0,7.62,119.48,2047.86,10.47,26.37,Zona B
5.08,2.67,6.49,86.89,1072.87,7.03,17.6,Zona C
6.45,4.43,35.14,162.32,2963.28,10.9,45.38,Zona A
5.68,3.26,17.19,113.03,1431.82,9.74,23.85,Zona B
5.93,1.96,6.38,54.16,956.38,5.45,26.58,Zona C
6.13,3.18,29.93,172.12,3397.31,13.53,37.46,Zona A
5.96,2.53,19.44,79.74,2072.91,8.72,30.33,Zona B
5.08,1.41,5.97,74.29,1103.53,7.07,12.57,Zona C
5.59,2.23,8.31,66.36,1259.23,5.47,17.12,Zona C
6.7,3.69,29.43,150.82,3133.5,12.63,45.31,Zona A
4.9,1.67,10.78,58.82,747.76,6.63,13.65,Zona C
6.6,3.39,37.18,177.71,3067.71,9.93,43.48,Zona A
4.77,1.78,10.04,77.74,890.41,7.11,12.98,Zona C
6.78,3.79,38.02,155.07,2856.52,13.63,35.53,Zona A
6.33,4.48,35.12,124.04,3553.07,14.42,34.33,Zona A
5.38,2.12,8.38,60.73,1024.62,7.69,15.69,Zona C
4.5,1.44,12.59,57.62,1138.88,5.46,25.4,Zona C
5.07,2.13,5.32,44.07,1405.14,8.41,20.3,Zona C
5.14,1.73,8.21,46.1,1588.26,5.29,19.41,Zona C
5.72,2.95,12.1,99.17,2435.19,10.35,22.87,Zona B
4.63,1.55,9.97,56.4,1049.65,6.51,25.71,Zona C
5.11,2.14,8.2,55.93,1242.74,6.22,20.89,Zona C
